序号,作者,作品,类型,风格,进度,字数,作品积分,发表时间
1,君sola,探虚陵现代篇,原创-百合-近代现代-爱情,正剧,连载中,2093846,5377057792,2012-03-21 11:25:31
2,玄笺,放肆[娱乐圈],原创-百合-近代现代-爱情,正剧,已完成,2247239,6948278272,2019-06-10 18:00:00
3,君sola,探虚陵,原创-百合-古色古香-爱情,正剧,连载中,1055814,1639181312,2010-05-12 11:13:38
4,一盏夜灯,桃李不言gl,原创-百合-近代现代-爱情,正剧,已完成,507335,1212671104,2017-03-19 21:00:00
5,玄笺,影后成双[娱乐圈],原创-百合-近代现代-爱情,轻松,已完成,1537682,1830523776,2017-06-06 12:00:00
6,玄笺,林视狼顾,原创-百合-近代现代-爱情,正剧,已完成,1367225,2060709632,2018-08-06 20:00:00
7,闵然,余生为期,原创-百合-近代现代-爱情,正剧,已完成,767464,1056575616,2018-01-15 20:05:00
8,闵然,余情可待[重生],原创-百合-近代现代-爱情,正剧,已完成,522488,1127701760,2018-12-17 20:02:00
9,君sola,交换影后,原创-百合-近代现代-爱情,正剧,连载中,610715,1504708992,2014-08-03 17:10:27
10,请君莫笑,女将军和长公主,原创-百合-古色古香-爱情,正剧,已完成,585577,1012464704,2017-04-01 16:11:08
11,玄笺,别来有恙,原创-百合-近代现代-爱情,正剧,已完成,654610,1333087360,2019-02-12 12:00:00
12,鱼霜,分久必合[娱乐圈],原创-百合-近代现代-爱情,轻松,已完成,737871,843936640,2019-05-13 19:00:00
13,璟梧,总有老师要请家长,原创-百合-近代现代-爱情,轻松,已完成,520000,775117632,2019-12-16 20:16:19
14,一盏夜灯,春夏秋冬,原创-百合-近代现代-爱情,正剧,已完成,335979,900868928,2018-11-11 21:05:00
15,讨酒的叫花子,如蜜似糖GL,原创-百合-近代现代-爱情,正剧,已完成,315063,485072800,2019-01-11 21:09:28
16,清汤涮香菜,你我相爱，为民除害,原创-百合-近代现代-爱情,轻松,已完成,291476,658629760,2018-12-10 11:00:00
17,明也,废后（重生）,原创-百合-架空历史-爱情,正剧,已完成,921365,615469440,2017-02-14 20:57:40
18,酒暖春深,我亲爱的法医小姐,原创-百合-近代现代-悬疑,正剧,已完成,878081,890016576,2019-08-29 20:00:00
19,柒殇祭,金牌调解员[快穿],原创-百合-近代现代-爱情,轻松,已完成,909914,890449024,2018-10-23 19:19:19
20,鱼霜,合久不分,原创-百合-近代现代-爱情,轻松,已完成,778295,1268932096,2019-12-08 19:00:00
21,玄笺,二世祖总在崩人设,原创-百合-近代现代-爱情,轻松,已完成,1256922,1347654784,2018-03-12 22:00:00
22,鱼霜,误入婚途[娱乐圈],原创-百合-近代现代-爱情,轻松,已完成,621102,571606080,2018-06-05 15:35:00
23,扶华,她的山，她的海,原创-百合-近代现代-爱情,正剧,已完成,227833,998901696,2019-12-28 20:59:07
24,热到昏厥,她是主角,原创-百合-近代现代-爱情,轻松,已完成,760344,614859264,2019-10-21 21:00:00
25,叶涩,宠妻狂魔,原创-百合-近代现代-爱情,正剧,已完成,382054,718700864,2018-08-01 10:00:00
26,玄笺,每个人都知道我爱你,原创-百合-近代现代-爱情,轻松,已完成,559387,612743552,2017-01-01 00:00:00
27,清汤涮香菜,和她假戏真做了,原创-百合-近代现代-爱情,正剧,已完成,361585,556097856,2018-03-15 09:30:00
28,苏楼洛,情深逢时,原创-百合-近代现代-爱情,正剧,已完成,492726,811674368,2017-10-24 20:35:00
29,思镜渠,一觉醒来我有娃了[娱乐圈],原创-百合-近代现代-爱情,轻松,已完成,536005,364522592,2018-10-08 00:00:00
30,潇水玄舸,你的小尾巴,原创-百合-近代现代-爱情,轻松,已完成,574323,344174592,2019-06-01 19:19:19
31,清汤涮香菜,和她先婚后爱了,原创-百合-近代现代-爱情,正剧,已完成,301166,574250816,2019-06-24 11:17:00
32,俺打的去埃及,重生和死对头he了[娱乐圈],原创-百合-近代现代-爱情,正剧,已完成,693014,537825600,2016-08-09 00:00:00
33,小吾君,表小姐总是很忙[快穿],原创-百合-近代现代-爱情,轻松,已完成,865168,1084319488,2018-01-29 22:02:02
34,宁远,我为鱼肉,原创-百合-架空历史-爱情,正剧,已完成,1242635,814888960,2017-09-15 11:30:00
35,李浮安,娘娘有毒gl,原创-百合-架空历史-爱情,轻松,已完成,568954,378666464,2018-04-08 16:05:00
36,讨酒的叫花子,十分中意你gl,原创-百合-近代现代-爱情,正剧,已完成,246350,419618880,2019-05-13 15:43:00
37,乙纯,独宠农门小娇妻gl,原创-百合-架空历史-爱情,正剧,已完成,1646672,625585088,2017-10-10 03:37:00
38,清汤涮香菜,你好撩人,原创-百合-近代现代-爱情,轻松,已完成,390826,494868064,2018-06-12 21:00:00
39,妲婴,她属于我,原创-百合-近代现代-爱情,轻松,已完成,196647,529577984,2019-12-31 20:00:00
40,小吾君,穿成声名狼藉的女配,原创-百合-近代现代-爱情,轻松,已完成,392619,742425344,2019-12-02 19:00:00
41,宁远,中年恋爱补丁,原创-百合-近代现代-爱情,轻松,已完成,969400,776574912,2018-10-14 11:30:00
42,叶涩,宇宙第一醋神,原创-百合-近代现代-爱情,轻松,已完成,529902,681718912,2019-03-24 10:00:00
43,叶无枝,年年有鱼GL,原创-百合-架空历史-爱情,正剧,已完成,762227,365102688,2019-01-01 20:00:00
44,一只花夹子,假装直女,原创-百合-近代现代-爱情,轻松,已完成,434232,707572672,2018-10-08 08:08:08
45,若花辞树,秘密,原创-百合-近代现代-爱情,正剧,已完成,348840,469678496,2019-01-20 22:00:00
46,顾家七爷,郡马是个药罐子,原创-百合-古色古香-爱情,轻松,连载中,792298,345508032,2016-04-05 11:38:39
47,秦寺,明月为什么皎皎[重生],原创-百合-近代现代-爱情,正剧,已完成,194319,347795744,2019-02-10 09:00:00
48,若花辞树,桃花曲,原创-百合-古色古香-爱情,轻松,已完成,434717,452621344,2017-03-02 19:00:00
49,涩青梅,宠后,原创-百合-架空历史-爱情,轻松,已完成,686403,365679104,2019-01-22 22:22:22
50,讨酒的叫花子,肖想已久,原创-百合-近代现代-爱情,正剧,已完成,338060,517010176,2019-12-08 18:00:01
51,雁过吾痕,女主大人，我错了,原创-百合-古色古香-爱情,轻松,已完成,3408623,757248128,2016-07-05 09:00:00
52,宁远,可以先结婚,原创-百合-近代现代-爱情,轻松,已完成,663504,678507520,2019-08-18 11:30:00
53,今轲,小保镖,原创-百合-近代现代-爱情,轻松,已完成,355832,347186656,2018-11-14 17:00:00
54,鱼霜,昏婚欲睡[娱乐圈],原创-百合-近代现代-爱情,轻松,已完成,593010,411842112,2018-10-15 19:00:00
55,有毛儿,不可能关系,原创-百合-近代现代-爱情,正剧,已完成,599563,291751808,2017-10-09 08:00:00
56,秦寺,一目余生,原创-百合-近代现代-爱情,正剧,连载中,242547,385681280,2020-04-02 00:00:00
57,小爷是枫子,总裁和她的温柔总监,原创-百合-近代现代-爱情,轻松,已完成,420833,280140352,2018-12-10 09:09:09
58,游鲲,满级大佬重生以后,原创-百合-架空历史-爱情,正剧,已完成,648385,515013216,2019-01-07 19:18:28
59,小吾君,快穿之撩妹手册gl,原创-百合-幻想未来-爱情,轻松,已完成,938913,623916480,2016-07-09 11:11:11
60,云惘然,影后有堵墙（GL）,原创-百合-近代现代-爱情,正剧,已完成,1667608,1437839232,2019-04-01 21:30:00
61,小檀栾,和替身谈恋爱[快穿],原创-百合-幻想未来-爱情,轻松,已完成,666666,481189504,2019-10-28 18:00:00
62,C位喵,恶毒女配不撩会死[穿书],原创-百合-近代现代-爱情,轻松,已完成,498455,266488448,2019-03-03 18:00:01
63,若花辞树,谢相,原创-百合-架空历史-爱情,轻松,已完成,483781,437840256,2018-05-13 22:00:00
64,柚色miyo,你与青春如诗,原创-百合-近代现代-爱情,轻松,已完成,494177,286166432,2018-03-26 20:00:00
65,沈日十,白莲花与白月光[快穿],原创-百合-幻想未来-爱情,正剧,已完成,700696,311362432,2018-01-23 23:00:00
66,闵然,怦然为你,原创-百合-近代现代-爱情,正剧,连载中,315230,507671552,2020-02-04 20:00:00
67,小吾君,前女友了解一下［快穿］,原创-百合-近代现代-爱情,轻松,已完成,446803,658834816,2018-10-15 12:00:00
68,江一水,向东流[重生],原创-百合-架空历史-爱情,轻松,已完成,342027,603964480,2018-01-01 20:00:00
69,绝歌,撩闲,原创-百合-近代现代-爱情,正剧,已完成,726797,649556864,2017-04-22 01:02:10
70,闵然,孤掷温柔gl,原创-百合-近代现代-爱情,正剧,已完成,336163,276577248,2015-01-20 20:30:00
71,那端米凉,重生之佞臣（gl）,原创-百合-架空历史-爱情,正剧,已完成,600535,350678848,2018-02-01 13:30:00
72,米闹闹,温良,原创-百合-近代现代-爱情,轻松,已完成,225215,253287184,2018-11-18 12:00:00
73,绝歌,鱼龙符,原创-百合-架空历史-爱情,正剧,已完成,1074152,779891840,2018-02-18 16:37:57
74,楚柒墨,来自男主后宫的宠爱[穿书],原创-百合-架空历史-爱情,正剧,已完成,1039641,500410016,2018-05-01 20:38:57
75,讨酒的叫花子,蜜糖的滋味,原创-百合-近代现代-爱情,正剧,已完成,300094,379746720,2019-08-04 00:00:01
76,鹿泱泱,快穿宠妻无度,原创-百合-古色古香-爱情,轻松,已完成,840152,286587936,2018-08-23 14:25:12
77,三月图腾,过气影后离婚攻略[重生],原创-百合-近代现代-爱情,正剧,已完成,346692,303158304,2017-02-12 17:00:00
78,明也,愿者上钩（GL）,原创-百合-近代现代-爱情,轻松,已完成,362780,268416656,2011-11-06 19:55:20
79,八千岁,霾杀（gl末世）,原创-百合-近代现代-传奇,正剧,连载中,509812,525585408,2015-03-31 16:26:43
80,小吾君,快来做题,原创-百合-近代现代-爱情,轻松,已完成,356377,547129664,2019-04-02 00:05:00
81,清汤涮香菜,等你说爱我GL,原创-百合-近代现代-爱情,正剧,已完成,364679,318740480,2017-10-06 18:21:21
82,妲婴,她也可以很温柔,原创-百合-近代现代-爱情,轻松,已完成,321328,435688288,2018-04-30 20:00:00
83,水色天青,离婚了解一下,原创-百合-近代现代-爱情,轻松,已完成,587165,440801024,2018-11-02 18:21:37
84,酒暖春深,生如逆旅,原创-百合-近代现代-传奇,正剧,已完成,609080,303008896,2018-12-22 20:06:12
85,听絮,每晚都看上司崩人设gl,原创-百合-近代现代-爱情,轻松,已完成,744326,274494784,2018-03-06 10:41:50
86,柿原纯,不小心怀了上司的孩子gl,原创-百合-近代现代-爱情,正剧,已完成,351572,380229184,2018-02-01 01:50:20
87,小吾君,捡到女主少年时,原创-百合-近代现代-爱情,轻松,已完成,335580,510940864,2019-08-05 11:00:00
88,小吾君,快穿之命运交易系统,原创-百合-近代现代-爱情,轻松,已完成,1566034,828352384,2017-03-08 23:06:20
89,鱼霜,后会有妻,原创-百合-近代现代-爱情,轻松,已完成,452105,307964736,2019-02-25 19:00:00
90,柚色miyo,女王不见女王,原创-百合-近代现代-爱情,轻松,已完成,504868,212348128,2017-03-08 11:21:47
91,南宫凡水,新上司是我渣过的前任GL,原创-百合-近代现代-爱情,正剧,已完成,550809,385235584,2019-10-15 09:00:01
92,烟波钓月,影后快到碗里来,原创-百合-近代现代-爱情,轻松,已完成,699466,255349184,2017-07-16 09:33:00
93,太阳菌,见龙,原创-百合-架空历史-爱情,正剧,已完成,512718,356323424,2019-09-16 22:07:25
94,执念啊,毒医追妻记gl,原创-百合-架空历史-武侠,轻松,已完成,553901,314009376,2017-08-08 11:00:00
95,时微月上,同学不作妖[重生],原创-百合-近代现代-爱情,正剧,已完成,517450,355505856,2018-09-19 11:15:23
96,魅骨,一宠成婚(古穿今),原创-百合-近代现代-爱情,轻松,已完成,434836,434882304,2018-11-13 17:00:00
97,酥酒,乖，这个不能吃,原创-百合-近代现代-爱情,轻松,已完成,576813,444970080,2019-08-19 09:00:01
98,一只花夹子,跟情敌保持距离失败,原创-百合-近代现代-爱情,轻松,已完成,434383,589521216,2019-06-18 19:00:00
99,年年散浮萍,攻略恶毒女配[快穿],原创-百合-近代现代-爱情,轻松,已完成,727875,261715824,2018-05-16 21:38:50
100,疯兔仔,穿成白月光她前妻,原创-百合-近代现代-爱情,轻松,已完成,233762,195363120,2019-06-06 09:00:01
101,渔小乖乖,为凰,原创-百合-古色古香-爱情,正剧,已完成,367890,254998608,2016-11-14 22:00:00
102,玄笺,另类情敌（GL）,原创-百合-幻想未来-爱情,正剧,已完成,796729,481930400,2016-04-24 22:00:00
103,沐枫轻年,重生之天道酬情,原创-百合-架空历史-爱情,正剧,已完成,1022080,460875840,2017-06-22 12:00:00
104,美羊羊公主殿下,为了活命不得不和女主谈恋爱,原创-百合-近代现代-爱情,爆笑,已完成,501806,239874944,2019-07-31 03:51:38
105,柒殇祭,你在时光深处[gl],原创-百合-近代现代-爱情,轻松,已完成,766515,413296576,2018-05-06 19:00:00
106,北城墨景,后宫拯救计划［穿书］,原创-百合-幻想未来-爱情,轻松,已完成,710831,264200752,2018-12-03 15:36:09
107,今轲,有幸,原创-百合-近代现代-爱情,轻松,已完成,469608,356261152,2018-04-02 19:30:00
108,四百八十寺,万丈红尘之轻,原创-百合-近代现代-爱情,正剧,连载中,402395,400324640,2019-02-01 18:00:00
109,孤海寸光,奶味小狼狗,原创-百合-近代现代-爱情,正剧,已完成,417257,418506304,2018-06-05 08:00:00
110,南门冬瓜,我等你到三十岁gl,原创-百合-近代现代-爱情,正剧,已完成,1016839,373394944,2016-05-17 09:18:00
111,戈云栖,恶毒女配与白莲花［快穿］,原创-百合-近代现代-爱情,轻松,已完成,774741,363556800,2019-08-23 09:00:01
112,时微月上,穿书之浮梦三生,原创-百合-架空历史-爱情,正剧,已完成,725673,371962880,2017-08-06 10:00:00
113,沐枫轻年,将军说她不娶妻,原创-百合-架空历史-爱情,正剧,已完成,1017149,395506496,2018-10-09 09:00:00
114,玄笺,逃婚之后,原创-百合-近代现代-爱情,正剧,连载中,125961,438736800,2020-06-01 18:00:00
115,吞风饮浪,送你一朵黑莲花gl[快穿],原创-百合-古色古香-仙侠,轻松,已完成,749137,307393440,2018-07-20 00:50:00
116,鱼霜,朝思慕暖,原创-百合-近代现代-爱情,正剧,已完成,248581,301561280,2019-09-15 13:50:00
117,笔墨迹象,一不小心娶了皇后小姐姐〔穿越〕,原创-百合-架空历史-爱情,正剧,已完成,723843,274620544,2019-06-09 20:59:36
118,柳碎夜,奇怪的恋爱,原创-百合-近代现代-爱情,轻松,已完成,835091,643721344,2017-03-09 20:29:48
119,若花辞树,春如旧,原创-百合-古色古香-爱情,正剧,已完成,402291,300584832,2016-07-29 19:00:00
120,听絮,听说你是小三gl,原创-百合-近代现代-爱情,正剧,已完成,549007,210923536,2017-10-10 10:10:10
121,绝歌,我本厚道(gl),原创-百合-古色古香-爱情,轻松,已完成,2587808,1003012992,2014-06-11 13:07:59
122,千觅荷,虐文女主和漂亮女配[快穿],原创-百合-近代现代-爱情,轻松,已完成,772152,262106096,2019-05-08 18:30:00
123,叶涩,恩爱秀你一脸,原创-百合-近代现代-爱情,轻松,已完成,306206,427942432,2017-05-12 16:20:00
124,凤阿凤,坚强的炮灰在古代教书,原创-百合-架空历史-爱情,轻松,已完成,431563,521881440,2018-09-13 10:00:00
125,绝歌,归魂续,原创-百合-近代现代-爱情,正剧,已完成,749717,808509120,2016-09-12 01:10:51
126,暮雨兮兮,影后的魔教教主[穿越],原创-百合-近代现代-爱情,轻松,已完成,662403,304966368,2018-02-16 08:08:08
127,千觅荷,女配，我来宠[快穿],原创-百合-近代现代-爱情,轻松,已完成,661661,269590560,2019-01-07 18:00:00
128,九皇叔,小侯爷那么软,原创-百合-架空历史-爱情,正剧,已完成,1091032,277555360,2019-02-10 19:00:00
129,凤崎舞,公主饶命GL,原创-百合-古色古香-爱情,正剧,已完成,466884,471357952,2009-09-25 20:37:42
130,苏楼洛,一念成期,原创-百合-近代现代-爱情,正剧,已完成,527475,477909760,2018-07-17 20:35:00
131,讨酒的叫花子,情难自禁,原创-百合-近代现代-爱情,正剧,已完成,336221,299229568,2019-10-01 20:47:59
132,L泗X汐Y,当金手指遇上男装大佬,原创-百合-幻想未来-奇幻,轻松,连载中,491559,279142592,2020-03-16 20:00:00
133,魅骨,宠妻如命,原创-百合-近代现代-爱情,轻松,已完成,378847,336307872,2019-09-03 20:00:00
134,沈日十,漂亮的女配GL[快穿],原创-百合-近代现代-爱情,正剧,已完成,415353,207684480,2018-08-17 16:05:00
135,小檀栾,给影后情敌当金手指GL,原创-百合-近代现代-爱情,轻松,已完成,401122,251901280,2019-06-05 08:58:39
136,请君莫笑,我的死神室友,原创-百合-近代现代-爱情,正剧,已完成,794021,440419520,2018-01-01 08:00:00
137,请君莫笑,泾渭情殇,原创-百合-架空历史-剧情,正剧,已完成,1145008,758272704,2018-12-24 09:59:59
138,东方度,夫人，你今天喜欢上我了吗（GL）,原创-百合-近代现代-爱情,轻松,已完成,734025,311528800,2018-08-13 10:00:00
139,江暮无尘,在前任头上跑马[重生],原创-百合-近代现代-爱情,正剧,已完成,408150,213386176,2020-01-16 18:00:00
140,岸岸,恶女重生后变怂了,原创-百合-近代现代-爱情,轻松,连载中,383337,232843968,2019-04-29 21:08:08
141,听絮,离婚前老婆失忆了gl,原创-百合-近代现代-爱情,轻松,已完成,429795,190730720,2017-12-28 10:24:21
142,去污粉,在狗血文里当渣女[快穿],原创-百合-近代现代-爱情,轻松,已完成,1119964,404040224,2019-11-12 19:22:22
143,安萧苏苏,恃宠生娇[重生],原创-百合-近代现代-爱情,轻松,已完成,450000,348595424,2018-10-01 18:16:16
144,安萧苏苏,别后重逢[重生],原创-百合-近代现代-爱情,轻松,已完成,498711,398744320,2019-04-29 09:00:01
145,若花辞树,晨昏,原创-百合-架空历史-爱情,轻松,连载中,304536,333936704,2019-07-07 22:00:00
146,焦糖白茶,老戏骨与小影后[重生],原创-百合-近代现代-爱情,轻松,已完成,838425,539087616,2018-03-01 22:00:00
147,魅骨,情敌总是在撩我,原创-百合-近代现代-爱情,正剧,已完成,323483,317358528,2018-08-06 19:00:00
148,笑蓝,和狐妖二代奉崽闪婚了gl,原创-百合-近代现代-爱情,轻松,已完成,537768,382435104,2019-06-19 09:00:01
149,素西,全世界都在等你心动,原创-百合-近代现代-爱情,轻松,连载中,483196,188898016,2020-02-04 21:30:00
150,瞳师,小女友,原创-百合-近代现代-爱情,轻松,已完成,236836,322059712,2017-05-01 10:00:00
151,潇水玄舸,别给天才当秘书,原创-百合-近代现代-爱情,轻松,已完成,640757,229849504,2019-09-09 23:59:59
152,打铁萝莉,今天也要做男主情敌（快穿）,原创-百合-近代现代-爱情,轻松,已完成,322854,261295568,2019-08-23 06:00:01
153,凌睿,遥不可及(GL),原创-百合-近代现代-爱情,正剧,已完成,43504,109200048,2010-03-30 05:00:00
154,霸道种菜,和我做朋友的女主都变了[快穿],原创-百合-近代现代-爱情,轻松,连载中,969465,189765216,2019-05-13 18:00:00
155,橙汁感谢,千古第一相,原创-百合-古色古香-爱情,轻松,已完成,756973,290185344,2017-05-01 17:15:24
156,绝歌,凤凰花（GL）,原创-百合-近代现代-爱情,正剧,已完成,318445,432183584,2009-04-09 03:25:12
157,柳碎夜,流落荒岛怎么办？,原创-百合-幻想未来-爱情,轻松,已完成,617398,677369856,2018-08-23 22:30:00
158,叶涩,强撩,原创-百合-近代现代-爱情,轻松,已完成,320662,397220768,2019-07-15 15:20:00
159,绝歌,归魂(gl),原创-百合-近代现代-传奇,正剧,已完成,518101,476815712,2016-05-26 00:13:29
160,焦糖白茶,一觉醒来我结婚了,原创-百合-近代现代-爱情,轻松,已完成,312616,297134880,2019-04-29 20:00:00
161,柒殇祭,我想独自美丽[快穿],原创-百合-近代现代-爱情,轻松,连载中,743638,567690880,2020-02-03 19:30:00
162,花心菜,女配不合格gl[穿书],原创-百合-架空历史-爱情,轻松,已完成,487401,202227968,2017-12-30 23:43:16
163,酒小熹,女将军和小福妻,原创-百合-架空历史-爱情,正剧,已完成,420085,247526128,2018-10-04 15:15:30
164,祈久,小狼狗只想混吃等死,原创-百合-近代现代-爱情,正剧,已完成,476953,236480304,2020-01-01 15:00:00
165,最爱梅子酒,娱乐圈暖萌来袭gl,原创-百合-近代现代-爱情,轻松,已完成,600860,206656880,2017-12-03 23:10:00
166,舒语谣,反派决定罢工[穿书],原创-百合-近代现代-爱情,轻松,已完成,507529,363120672,2019-12-08 00:00:01
167,冷千山,纯属意外（GL）,原创-百合-架空历史-爱情,轻松,已完成,185107,142686416,2010-09-24 17:11:33
168,萧依依,重生之帝国宠妃,原创-百合-架空历史-爱情,正剧,已完成,577388,260038784,2015-07-07 19:29:00
169,讨酒的叫花子,有耻之徒,原创-百合-架空历史-爱情,正剧,已完成,330277,308876704,2020-03-03 21:00:17
170,叶涩,替婚,原创-百合-近代现代-爱情,正剧,已完成,294222,330267904,2019-10-28 10:00:00
171,若花辞树,归途,原创-百合-近代现代-爱情,正剧,已完成,239870,265848832,2016-04-25 18:07:53
172,一只花夹子,请停止吃醋,原创-百合-近代现代-爱情,轻松,已完成,396403,480028032,2019-10-07 19:19:19
173,若花辞树,清平乐,原创-百合-古色古香-爱情,正剧,已完成,365613,253367488,2015-11-18 19:00:00
174,秦寺,非典型女主[快穿],原创-百合-近代现代-爱情,正剧,已完成,376795,272817504,2019-05-11 01:18:11
175,一跳跳到山外山,你不是笔直笔直的天后吗？,原创-百合-近代现代-爱情,轻松,连载中,1118050,299529312,2015-09-24 23:49:00
176,魅骨,掰弯影后日常,原创-百合-近代现代-爱情,轻松,已完成,321878,325289472,2017-05-08 16:51:02
177,糯米饼,白莲花掉马修罗场[快穿],原创-百合-近代现代-爱情,轻松,连载中,154385,175724592,2020-04-14 21:00:00
178,米闹闹,投其所好,原创-百合-近代现代-爱情,轻松,已完成,219187,205684928,2019-10-28 12:00:00
179,或许有一天,我的公主重生了,原创-百合-架空历史-爱情,轻松,已完成,484572,169087856,2019-07-01 19:40:00
180,楚柒墨,来自游戏的你gl[快穿],原创-百合-幻想未来-科幻,正剧,已完成,529876,220052704,2019-03-28 22:30:11
181,封刃作书,她要跟我离婚,原创-百合-近代现代-爱情,轻松,已完成,248855,217751536,2018-01-21 19:00:00
182,焦糖白茶,你必须娶我！,原创-百合-近代现代-爱情,轻松,已完成,585281,325032448,2020-01-06 00:00:00
183,JQ万年坑,人渣少将劳改之路gl（星际）,原创-百合-幻想未来-爱情,轻松,已完成,998382,232434624,2018-09-10 22:12:02
184,太阳菌,天生一对,原创-百合-架空历史-仙侠,正剧,已完成,438918,160992624,2018-08-03 20:50:34
185,柒殇祭,盛世美颜直播间,原创-百合-近代现代-爱情,轻松,已完成,567304,334087776,2019-03-18 12:00:00
186,楠安,我打不过她,原创-百合-近代现代-爱情,正剧,已完成,467254,442935424,2018-08-08 15:03:00
187,糯米饼,炮灰前任自救手册[快穿],原创-百合-近代现代-爱情,轻松,已完成,263208,174806992,2019-04-15 11:39:36
188,星糖,全世界最甜的心事,原创-百合-近代现代-爱情,正剧,已完成,380501,149078416,2018-03-16 10:40:00
189,瞳师,[重生]同桌简直不要脸,原创-百合-近代现代-爱情,轻松,已完成,140432,229453888,2016-01-26 10:00:00
190,宁远,养丞,原创-百合-古色古香-传奇,正剧,连载中,780098,577922432,2020-02-13 11:30:00
191,米闹闹,入眠,原创-百合-近代现代-爱情,正剧,已完成,217334,199527952,2019-07-02 12:00:00
192,祈久,女神她总是高高在上,原创-百合-近代现代-爱情,正剧,已完成,498632,196045808,2019-08-23 00:10:06
193,孤海寸光,攻略万人迷[快穿],原创-百合-近代现代-爱情,正剧,已完成,800000,415317120,2018-02-01 08:00:00
194,Kivey徒生,与影后闪婚后,原创-百合-近代现代-爱情,轻松,已完成,394453,315115584,2019-12-04 11:40:00
195,隅隅,快穿之总是救错人,原创-百合-幻想未来-爱情,正剧,已完成,784904,188085840,2019-02-10 19:10:00
196,芽丛,浪子回头系统[快穿],原创-百合-架空历史-爱情,正剧,已完成,782325,209768752,2019-03-15 20:06:22
197,妖叁,熟女掰弯记（GL）,原创-百合-近代现代-爱情,轻松,已完成,528660,89470792,2015-05-10 19:27:27
198,廿廿呀,撩妻入怀,原创-百合-近代现代-爱情,轻松,已完成,349519,131026984,2019-02-19 01:09:27
199,无心谈笑,一世清欢现代篇,原创-百合-近代现代-爱情,正剧,连载中,349350,517150720,2020-03-14 20:10:27
200,时微月上,重生阁主有病,原创-百合-古色古香-爱情,正剧,已完成,713215,264704912,2015-10-24 00:00:00
201,白骨合,全娱乐圈都是我粉丝,原创-百合-近代现代-爱情,正剧,已完成,420735,161623104,2017-09-05 19:41:00
202,无心谈笑,一世清欢gl,原创-百合-架空历史-爱情,正剧,已完成,414569,267192096,2015-01-17 20:46:42
203,明也,小姐，不凶,原创-百合-古色古香-爱情,轻松,已完成,460760,256719696,2019-07-13 14:52:37
204,IF夕烟,盐系学姐只对我甜,原创-百合-近代现代-爱情,正剧,已完成,398025,152923952,2019-08-12 12:00:00
205,宁远,有件事想告诉你,原创-百合-近代现代-科幻,正剧,已完成,626426,418365216,2015-06-01 21:00:00
206,晓梦致幻生,回到过去来恋爱[系统]（gl）,原创-百合-近代现代-爱情,轻松,已完成,538873,239777104,2016-03-29 19:30:00
207,米闹闹,茶铃,原创-百合-架空历史-爱情,正剧,已完成,380367,232484688,2019-02-19 11:00:00
208,疯兔仔,穿成渣前妻怎么破,原创-百合-近代现代-爱情,轻松,连载中,474329,247727280,2020-01-27 09:00:01
209,养春,娇宠gl,原创-百合-近代现代-爱情,轻松,已完成,312906,210167808,2019-07-07 22:00:00
210,孤海寸光,温柔沦陷,原创-百合-近代现代-爱情,正剧,已完成,444971,266430464,2019-08-17 13:27:55
211,逆签,全世界都让我们复婚[重生],原创-百合-近代现代-爱情,轻松,已完成,532146,285603584,2019-10-01 21:00:00
212,白日葵,和有钱老女人相亲之后,原创-百合-近代现代-传奇,正剧,已完成,451575,192922896,2019-01-09 12:00:00
213,八千岁,食补（gl）,原创-百合-近代现代-爱情,正剧,连载中,493190,534726400,2018-01-31 17:26:38
214,米闹闹,此生可待（GL）,原创-百合-近代现代-爱情,轻松,已完成,209418,164733856,2016-11-09 17:22:54
215,IF夕烟,理想型,原创-百合-近代现代-爱情,正剧,已完成,391261,159195920,2019-11-26 12:00:00
216,洛阳bibi,不当你闺蜜,原创-百合-近代现代-爱情,正剧,已完成,326832,162403312,2019-01-07 12:33:33
217,苏楼洛,纵我朝暮,原创-百合-近代现代-爱情,正剧,已完成,412737,309275392,2017-03-20 20:35:00
218,秋刀鱼配柠檬,雌蟒,原创-百合-近代现代-爱情,轻松,已完成,179799,151724880,2019-12-22 00:32:13
219,柚于子悦,拯救白月光[穿书],原创-百合-架空历史-爱情,正剧,已完成,1102884,203333616,2018-10-29 20:25:25
220,Pander,快穿之专职男二[gl],原创-百合-架空历史-爱情,轻松,连载中,324573,133677160,2018-12-29 20:43:45
221,白浅予,影后的告白,原创-百合-近代现代-爱情,正剧,已完成,415710,162766576,2018-03-14 12:08:50
222,或许有一天,跪求解甲归田,原创-百合-古色古香-爱情,轻松,已完成,271626,140794240,2015-06-01 12:52:54
223,盛郸,我推论女主喜欢我[穿书],原创-百合-近代现代-爱情,轻松,已完成,653596,354481312,2017-03-06 01:50:01
224,若花辞树,摘星,原创-百合-近代现代-爱情,正剧,连载中,257027,271235840,2020-04-05 22:00:00
225,白日曦,绿茶原地翻车GL,原创-百合-近代现代-爱情,轻松,已完成,408888,195941888,2019-11-26 18:00:02
226,小吾君,打败十三个男主之后[快穿],原创-百合-近代现代-爱情,轻松,已完成,343054,409912992,2018-07-23 14:00:00
227,书自清,唐谜,原创-百合-古色古香-爱情,正剧,已完成,1279987,284919680,2017-02-02 14:00:00
228,云惘然,重生之炖汤（GL）,原创-百合-近代现代-爱情,正剧,已完成,1009055,656222144,2015-02-19 22:37:16
229,米闹闹,月与人依旧（GL）,原创-百合-近代现代-爱情,轻松,已完成,203038,175909168,2017-12-22 12:00:00
230,叶涩,绯闻影后的意中人是醋精,原创-百合-近代现代-爱情,轻松,已完成,234906,284325600,2017-12-16 22:00:00
231,楚柒墨,大猫统领的心尖宠,原创-百合-幻想未来-爱情,轻松,已完成,542429,271795872,2019-09-11 00:00:01
232,那端米凉,不可抗拒,原创-百合-近代现代-爱情,正剧,已完成,239594,138735552,2017-04-30 21:35:55
233,长鱼即墨,穿成阿修罗妹砸［穿书］,原创-百合-近代现代-爱情,轻松,已完成,386272,191540032,2019-02-15 12:01:06
234,尽西洲,无定长安,原创-百合-古色古香-爱情,正剧,已完成,425758,144476624,2017-06-18 10:38:00
235,一月青芜,星宿劫GL,原创-百合-架空历史-仙侠,正剧,连载中,998015,573013568,2018-09-01 21:25:52
236,今轲,总裁悔不当初,原创-百合-近代现代-爱情,轻松,已完成,252566,216935328,2019-08-05 18:00:00
237,九皇叔,皇后太正直（穿书）,原创-百合-架空历史-爱情,正剧,已完成,509297,178633936,2019-07-01 20:08:08
238,云惘然,修仙之养猫（GL）,原创-百合-架空历史-传奇,正剧,已完成,1329728,739100928,2016-09-23 22:33:00
239,米闹闹,绝色,原创-百合-近代现代-爱情,正剧,已完成,234049,177840384,2018-04-17 12:00:00
240,今轲,跳起来亲你,原创-百合-近代现代-爱情,轻松,已完成,340357,249515264,2019-10-21 18:00:00
241,俺打的去埃及,全世界最要紧的初恋,原创-百合-近代现代-爱情,正剧,已完成,307419,190976848,2016-11-03 00:32:00
242,凭依慰我,三万英尺追妻记（GL）,原创-百合-近代现代-爱情,轻松,已完成,451281,237420688,2013-06-28 17:45:22
243,君汐若,[快穿]女主狂霸酷炫拽,原创-百合-近代现代-爱情,轻松,已完成,280336,302533632,2016-03-15 18:00:00
244,小爷是枫子,总裁又叫我去她家,原创-百合-近代现代-爱情,轻松,已完成,418598,164433248,2018-05-01 16:46:36
245,雁过吾痕,这个影后有点烦,原创-百合-近代现代-爱情,正剧,已完成,769288,232724288,2017-10-09 21:00:00
246,木子箐,女主，请放过白月光[快穿],原创-百合-近代现代-爱情,轻松,已完成,622424,144050960,2019-03-11 13:51:54
247,三月图腾,洁癖,原创-百合-近代现代-爱情,正剧,已完成,342497,180330160,2017-10-14 08:00:00
248,无德无能,每天都在帮前妻脱单,原创-百合-近代现代-爱情,轻松,连载中,234137,178142144,2020-03-21 18:33:04
249,明也,夫人在上,原创-百合-架空历史-爱情,轻松,已完成,611776,268520192,2014-10-25 19:39:13
250,宁远,我不知道的事,原创-百合-近代现代-传奇,正剧,已完成,692438,402966048,2016-03-22 11:30:00
251,柒殇祭,前妻修罗场,原创-百合-近代现代-爱情,轻松,已完成,444804,255296544,2019-08-05 12:00:00
252,酒小熹,怦然心动,原创-百合-近代现代-爱情,正剧,已完成,544770,224535712,2019-05-28 02:05:30
253,万言不值一块钱,你老婆真棒gl,原创-百合-近代现代-爱情,轻松,已完成,402953,151996736,2018-03-23 18:56:38
254,叶涩,离婚前上了结婚节目,原创-百合-近代现代-爱情,轻松,已完成,317950,368619360,2020-02-24 10:00:00
255,魅骨,上司每天都撩我,原创-百合-近代现代-爱情,轻松,已完成,289325,267726064,2019-05-06 19:00:00
256,易白首,红绿灯（GL）,未知,正剧,连载中,271326,98360048,2012-09-04 21:34:57
257,绝歌,道长别来无恙,原创-百合-近代现代-剧情,正剧,已完成,601891,467769344,2019-07-29 20:31:50
258,远无期,总监太会撩,原创-百合-近代现代-爱情,正剧,已完成,598811,181576896,2017-08-18 07:15:01
259,凉皮就面包,影后专属小厨娘,原创-百合-近代现代-爱情,轻松,已完成,401158,159047328,2018-06-04 21:30:30
260,菜有染,意外之外,原创-百合-近代现代-爱情,正剧,连载中,382526,363865248,2018-07-14 22:20:39
261,更漏寒,跌进美女老板的爱情陷阱3诛心计,原创-百合-近代现代-爱情,正剧,连载中,643289,188441168,2012-02-07 02:30:19
262,一只花夹子,依然如故,原创-百合-近代现代-爱情,轻松,已完成,327563,342972736,2018-02-14 11:11:11
263,飞飛,黑莲花抢走了白月光[重生],原创-百合-架空历史-爱情,轻松,连载中,560888,195449168,2019-09-24 18:00:01
264,君朝西,兰陵风流,原创-百合-架空历史-爱情,正剧,连载中,2481855,511654880,2014-08-05 08:05:04
265,多吃快长,咫尺山海,原创-百合-近代现代-传奇,正剧,已完成,873455,235474848,2017-05-17 20:32:11
266,君朝西,凰涅天下(GL),原创-百合-古色古香-传奇,正剧,已完成,2421584,394824608,2008-07-02 20:57:09
267,魅骨,编辑总是在撩我gl,原创-百合-近代现代-爱情,轻松,已完成,454596,326228320,2017-11-30 17:00:00
268,璟梧,房东是前任,原创-百合-近代现代-爱情,轻松,已完成,401190,145692928,2019-07-01 20:00:00
269,柒殇祭,白月光想帮我养娃,原创-百合-近代现代-爱情,轻松,已完成,310780,201556000,2019-10-28 12:00:00
270,晓梦致幻生,对于这个世界我略知一二[快穿],原创-百合-架空历史-爱情,轻松,已完成,523926,200443824,2016-11-11 20:00:00
271,花生酥糖,娱乐圈女武替[古穿今],原创-百合-近代现代-爱情,轻松,已完成,352020,128044608,2016-07-01 21:57:57
272,多吃快长,侠客行GL,原创-百合-古色古香-爱情,正剧,已完成,678991,180663024,2016-10-27 23:19:56
273,或许有一天,不可攻略对象,原创-百合-古色古香-爱情,轻松,已完成,783862,188695520,2017-05-04 18:10:00
274,蛋挞鲨,致命吸引,原创-百合-近代现代-爱情,正剧,已完成,384932,188295568,2017-10-04 20:00:00
275,山竹好吃,穿成反派作死未婚妻[穿书],原创-百合-近代现代-爱情,爆笑,连载中,517445,300572384,2019-03-28 00:00:01
276,花心菜,神官的晋升之路gl,原创-百合-架空历史-爱情,轻松,已完成,982288,254842768,2018-12-07 19:31:48
277,请叫我低调君,中宫令GL,原创-百合-古色古香-爱情,正剧,已完成,543912,79451784,2015-08-15 00:00:01
278,逆签,全世界都盼她们离婚[穿书],原创-百合-近代现代-爱情,轻松,已完成,501378,334922624,2020-02-04 21:00:00
279,请君莫笑,丑侠,原创-百合-架空历史-武侠,正剧,已完成,404913,283652064,2017-09-18 18:00:00
280,晚之,顾小姐和曲小姐,原创-百合-近代现代-爱情,轻松,已完成,345419,204350064,2013-07-13 19:33:58
281,今轲,比肩,原创-百合-近代现代-爱情,轻松,已完成,282148,203422912,2018-07-30 20:30:00
282,俺打的去埃及,影后的贴身高手,原创-百合-近代现代-爱情,正剧,已完成,333009,165805696,2017-07-08 11:11:11
283,明吾,烟火纪事,原创-百合-近代现代-爱情,正剧,连载中,885822,464071072,2019-01-13 18:00:00
284,三月图腾,自投罗网,原创-百合-近代现代-爱情,轻松,已完成,389245,160109952,2019-05-01 21:00:02
285,魅骨,当我爱上你gl,原创-百合-近代现代-爱情,轻松,已完成,279607,275489312,2017-08-07 19:00:00
286,乙纯,[快穿]反派攻略gl,原创-百合-架空历史-爱情,正剧,已完成,514262,163135616,2014-11-19 16:55:02
287,林错,纵横（第一部 权臣）,原创-百合-架空历史-爱情,正剧,已完成,405314,231945888,2005-10-28 11:31:19
288,有毛儿,姑息gl,原创-百合-近代现代-爱情,正剧,已完成,495986,192940336,2017-10-27 22:35:57
289,戈云栖,炮灰与白月光（快穿gl）,原创-百合-近代现代-爱情,轻松,已完成,361078,206141296,2018-05-13 09:00:00
290,九十七郎,一步之遥[星际],原创-百合-幻想未来-爱情,轻松,已完成,401678,455163776,2017-01-31 21:00:00
291,薛泞,女主醒醒，你是男主的（快穿）,原创-百合-近代现代-爱情,轻松,已完成,607024,121576224,2019-09-08 14:51:00
292,看长亭晚,苍茫云海间,原创-百合-架空历史-爱情,正剧,已完成,994518,280521216,2017-06-23 00:14:02
293,景小六,睡醒的相府千金[重生],原创-百合-架空历史-爱情,轻松,已完成,392384,112635616,2018-04-13 18:18:00
294,今轲,重生娱乐圈之匪夷所思GL,原创-百合-近代现代-爱情,轻松,已完成,385142,180489504,2016-08-05 17:01:14
295,雪虐风饕,导演有点软,原创-百合-近代现代-爱情,轻松,已完成,368465,152491984,2016-03-27 18:00:00
296,情字伞,大师姐一点都不开心［穿书］,原创-百合-架空历史-爱情,轻松,已完成,385456,186149184,2016-08-17 12:28:30
297,凤歌琴音,一山难容双绝艳,原创-百合-古色古香-爱情,正剧,连载中,553603,422747392,2018-06-05 18:13:23
298,C位喵,穿成反派的恶毒假后妈,原创-百合-近代现代-爱情,轻松,已完成,386802,130628848,2019-08-23 15:03:59
299,听絮,逃婚后被总裁收留了gl,原创-百合-近代现代-爱情,轻松,已完成,365033,124440680,2018-12-04 18:00:00
300,虾菇,和资方大佬隐婚后gl[娱乐圈],原创-百合-近代现代-爱情,轻松,已完成,425818,219659168,2019-10-04 12:00:01
301,夭与折,女朋友太调皮了怎么办,原创-百合-近代现代-爱情,轻松,已完成,688224,291018336,2019-02-14 06:00:00
302,看长亭晚,寒山纪,原创-百合-架空历史-奇幻,正剧,连载中,687893,247035920,2018-12-01 20:50:50
303,笑蓝,代嫁世子妃gl,原创-百合-架空历史-爱情,轻松,已完成,325734,220602096,2017-10-08 01:28:00
304,江一水,叶粲,原创-百合-近代现代-爱情,轻松,已完成,511964,438817472,2019-12-24 12:00:00
305,凤阿凤,娱乐圈还有这种操作？,原创-百合-近代现代-爱情,轻松,已完成,322930,254107776,2017-10-04 01:30:30
306,一天八杯水,红衣峥嵘,原创-百合-架空历史-爱情,轻松,已完成,627619,198615456,2019-11-04 20:00:00
307,时微月上,重生之卿心付砚,原创-百合-架空历史-爱情,正剧,已完成,451490,181638912,2017-01-20 00:00:00
308,三无庸人,穿成女主的黑心女配,原创-百合-近代现代-爱情,轻松,已完成,444464,166196720,2019-06-22 21:00:01
309,洛阳bibi,上司面前掉马了,原创-百合-近代现代-爱情,正剧,已完成,428950,153036048,2018-10-23 12:33:33
310,摇叁,钟情[娱乐圈],原创-百合-近代现代-爱情,轻松,已完成,454276,162358576,2019-12-17 00:00:01
311,萧依依,全帝国的小鱼干都属于猫王妃,原创-百合-近代现代-爱情,正剧,已完成,622421,246766672,2016-05-23 11:00:00
312,顾家七爷,狐狸夫人太正经！,原创-百合-古色古香-仙侠,正剧,已完成,748607,139211904,2018-10-19 14:26:48
313,洛倾,下嫁（GL）,原创-百合-古色古香-爱情,正剧,已完成,513686,159584608,2012-06-06 22:37:19
314,海清河晏,捡来的小垃圾gl[娱乐圈],原创-百合-近代现代-爱情,轻松,已完成,325291,123434584,2017-09-30 00:00:00
315,南云北去,女神她宁折不弯[娱乐圈],原创-百合-近代现代-爱情,轻松,已完成,398791,161334064,2017-06-13 21:20:00
316,廿廿呀,和渣前任她姐HE了？,原创-百合-近代现代-爱情,正剧,已完成,624617,166780192,2019-12-22 12:00:01
317,清汤涮香菜,死对头，我们配一脸,原创-百合-近代现代-爱情,轻松,已完成,259128,198259360,2016-06-15 20:00:00
318,花木白,精灵王的王妃,原创-百合-幻想未来-游戏,正剧,连载中,1569895,495168896,2012-10-19 15:12:36
319,更漏寒,跌进美女老板的爱情陷阱2祝我幸福,原创-百合-近代现代-爱情,轻松,已完成,610332,268487808,2010-04-26 00:29:05
320,太阳菌,江湖拆迁队,原创-百合-架空历史-爱情,正剧,已完成,622268,183672784,2018-12-26 01:14:47
321,沈日十,穿成人鱼后我又穿了回来,原创-百合-幻想未来-爱情,正剧,已完成,523125,163530800,2019-07-03 01:35:00
322,宅女一枝花,我和女主恋爱了,原创-百合-近代现代-爱情,轻松,已完成,412491,208104288,2019-03-31 18:45:45
323,无德无能,烂梗驸马,原创-百合-架空历史-爱情,轻松,已完成,349342,147711888,2019-04-04 19:03:21
324,一曲付年华,小可怜拯救手册[快穿],原创-百合-幻想未来-爱情,轻松,已完成,426776,149383728,2019-02-02 16:00:00
325,兆九棠,相公是男装大佬,原创-百合-架空历史-爱情,正剧,已完成,453795,135652656,2019-06-12 18:19:00
326,北冥志怪,蝉鸣的夏季gl,原创-百合-近代现代-爱情,正剧,已完成,324082,47080904,2014-09-21 16:01:18
327,沾花公子,长公主好讨厌！,原创-百合-架空历史-爱情,轻松,已完成,620048,165721424,2017-10-23 05:20:00
328,晓梦致幻生,[娱乐圈]笔下星光不如你,原创-百合-近代现代-爱情,轻松,已完成,464532,147906304,2015-07-14 09:00:00
329,桃花千千,小白花作死记[快穿],原创-百合-架空历史-爱情,正剧,已完成,468907,133380416,2018-05-05 22:15:31
330,苔痕初上,国民CP[娱乐圈],原创-百合-近代现代-爱情,轻松,已完成,261609,115415984,2016-10-11 19:34:29
331,桃花千千,情敌你干嘛gl,原创-百合-架空历史-爱情,正剧,已完成,369148,107605688,2017-01-28 18:41:00
332,萧依依,桑诺,原创-百合-架空历史-爱情,正剧,已完成,453955,159186848,2017-01-31 19:30:00
333,绝歌,山精,原创-百合-架空历史-爱情,正剧,已完成,529726,367259904,2018-03-28 17:46:13
334,双酒,你怎么总是脸红（GL）,原创-百合-近代现代-爱情,轻松,已完成,287754,126381880,2016-06-13 13:25:17
335,李叙,错抬花轿娶对妻,原创-百合-架空历史-爱情,正剧,已完成,819436,237249712,2018-05-14 12:32:21
336,三月图腾,亲亲我的小哑巴,原创-百合-近代现代-爱情,轻松,已完成,484795,148106816,2019-08-04 18:00:00
337,小白NO1,为爱赖上你（GL）,原创-百合-近代现代-爱情,正剧,已完成,799522,155022224,2012-07-12 12:12:48
338,靳安,穆小姐与金丝雀,原创-百合-近代现代-爱情,正剧,已完成,325438,127315512,2018-07-27 01:52:45
339,张无忧,我愿意,原创-百合-近代现代-爱情,正剧,已完成,700795,149545568,2017-06-28 09:00:00
340,狼山玉,上错花轿嫁对狼（GL）,原创-百合-架空历史-爱情,轻松,已完成,679005,239935584,2017-09-17 19:43:43
341,郁郁葱葱,快穿之拯救女神,原创-百合-近代现代-爱情,轻松,已完成,408138,115610032,2017-03-10 19:00:06
342,米闹闹,当时的你,原创-百合-近代现代-爱情,轻松,已完成,206539,148008032,2018-08-07 12:00:00
343,魅骨,和话题女王闪婚后(娱乐圈),原创-百合-近代现代-爱情,轻松,已完成,513864,293663616,2018-04-02 19:00:00
344,绝*,凤*******）,原创-百合-近代现代-爱情,正剧,已完成,338232,429588480,2009-05-27 18:27:02
345,易白首,日出东方（GL）,原创-百合-古色古香-爱情,正剧,已完成,264444,89526344,2007-07-18 17:18:00
346,孤海寸光,温柔童话,原创-百合-近代现代-爱情,正剧,已完成,410000,355373312,2020-02-03 21:00:01
347,焦糖白茶,靠脸吃饭,原创-百合-近代现代-爱情,轻松,已完成,464768,221418144,2017-03-27 00:14:26
348,一只花夹子,见涩起意［古穿今］,原创-百合-近代现代-爱情,轻松,已完成,378212,375045952,2019-01-07 19:19:19
349,锋镝弦歌,大人，辛苦了！,原创-百合-架空历史-爱情,轻松,已完成,359930,162665376,2010-11-28 20:05:36
350,祈久,我心悦你GL,原创-百合-近代现代-爱情,正剧,已完成,362618,118994368,2019-04-13 23:03:12
351,三月图腾,绝版情人,原创-百合-近代现代-爱情,正剧,已完成,393726,144879328,2019-02-04 00:05:00
352,江南魂姑娘,贵妃的家养皇后,原创-百合-架空历史-爱情,轻松,已完成,830000,331351072,2018-01-08 20:15:00
353,二两燃面,偏执温柔[快穿],原创-百合-幻想未来-爱情,轻松,连载中,207597,188486912,2020-01-15 12:00:00
354,霸道种菜,总有人想咚我[快穿],原创-百合-幻想未来-爱情,轻松,已完成,1001795,199962736,2017-01-11 19:00:00
355,赐鲤,影后的隐婚妻子失忆了,原创-百合-近代现代-爱情,轻松,已完成,366817,141141536,2019-09-02 18:00:00
356,疯兔仔,粉丝都在逼我官宣,原创-百合-近代现代-爱情,轻松,已完成,198613,97085328,2019-01-04 21:00:00
357,一曲付年华,女主有毒[快穿],原创-百合-近代现代-爱情,正剧,已完成,247653,100627704,2018-02-01 21:00:00
358,思镜渠,亦然是欢喜[重生],原创-百合-近代现代-爱情,轻松,连载中,110063,102837552,2019-05-09 20:20:00
359,一盏夜灯,电光幻影[娱乐圈],原创-百合-近代现代-爱情,正剧,连载中,311640,424791200,2020-02-10 23:55:05
360,杜锦鲤,忏悔的手，微微颤抖,原创-百合-近代现代-惊悚,爆笑,连载中,1131260,272199008,2019-06-13 10:00:01
361,涩青梅,五行缺草,原创-百合-近代现代-爱情,轻松,已完成,447867,189528368,2019-06-22 22:22:22
362,潇水玄舸,余情难了,原创-百合-近代现代-爱情,轻松,已完成,404822,155394128,2020-02-11 20:20:20
363,一角缎子,我一脚踢飞男主[快穿],原创-百合-近代现代-爱情,轻松,已完成,522677,118116968,2019-03-25 21:00:00
364,热到昏厥,别追我，没结果,原创-百合-近代现代-爱情,轻松,连载中,167233,173450512,2020-05-26 21:00:00
365,小香葱,当然选择原谅她啊,原创-百合-近代现代-爱情,轻松,已完成,316724,98351104,2017-05-22 19:57:08
366,柒殇祭,不装逼会死吗？[gl快穿],原创-百合-近代现代-爱情,轻松,已完成,429304,188207600,2017-05-07 17:00:00
367,凉皮就面包,我捡的少女居然是总裁,原创-百合-近代现代-爱情,轻松,已完成,307855,121791664,2019-06-24 20:30:30
368,或许有一天,重生在喜堂之上,原创-百合-古色古香-爱情,轻松,已完成,387715,123746688,2019-04-08 19:40:00
369,L泗X汐Y,召唤生存[末世],原创-百合-幻想未来-奇幻,正剧,已完成,361984,134604960,2019-05-01 20:00:00
370,厦悲催,攻略高冷女上司,原创-百合-近代现代-爱情,轻松,已完成,302389,84595280,2018-01-15 20:00:00
371,吞风饮浪,情后余生[娱乐圈],原创-百合-近代现代-爱情,轻松,连载中,447881,138306096,2019-06-08 17:10:10
372,沈日十,拯救小白花行动[快穿GL],原创-百合-近代现代-爱情,正剧,已完成,345500,140607664,2018-05-14 23:00:00
373,叶无枝,你好，简小姐GL,原创-百合-近代现代-爱情,轻松,已完成,301393,93891840,2018-09-21 21:11:26
374,于欢,女庶王,原创-百合-架空历史-爱情,正剧,连载中,894121,166167408,2020-01-19 20:54:09
375,玄笺,[古穿今]你那么妖娆,原创-百合-近代现代-爱情,轻松,已完成,231803,232831184,2015-04-01 20:00:00
376,秦寺,小清嘉,原创-百合-近代现代-爱情,正剧,已完成,157763,131319520,2019-09-07 00:00:00
377,原和,小哭包,原创-百合-近代现代-爱情,正剧,已完成,712955,160047360,2015-04-21 22:27:04
378,白娘子,屠队长和她的沈医生,原创-百合-近代现代-爱情,正剧,连载中,1150918,209430080,2019-12-31 18:00:01
379,三月图腾,女神求别撩(GL),原创-百合-近代现代-爱情,正剧,已完成,251637,117653080,2016-09-18 22:02:00
380,柳碎夜,温柔以待,原创-百合-近代现代-爱情,正剧,已完成,720327,418618336,2018-01-05 12:00:00
381,无聊到底,讨好[娱乐圈],原创-百合-近代现代-爱情,轻松,已完成,409694,300016800,2020-02-20 00:02:33
382,米闹闹,落日与夕阳,原创-百合-近代现代-爱情,正剧,已完成,179640,154604512,2020-03-09 12:00:00
383,卷喵,扮演恶毒女配[快穿],原创-百合-近代现代-奇幻,轻松,已完成,300009,174242960,2018-11-13 00:01:00
384,彼岸萧声莫,我创业养你啊GL[重生],原创-百合-近代现代-爱情,正剧,已完成,616676,567845312,2019-05-24 02:21:27
385,雁过吾痕,老板总想和我谈人生肿么破？,原创-百合-近代现代-爱情,正剧,已完成,477277,190059072,2017-04-06 21:00:00
386,盛郸,情敌辣么可爱[重生GL],原创-百合-近代现代-爱情,轻松,已完成,435459,284093088,2016-01-11 21:00:00
387,米闹闹,致女神（娱乐圈GL）,原创-百合-近代现代-爱情,轻松,已完成,209385,130097304,2016-03-29 12:00:00
388,秦寺,有何不可,原创-百合-近代现代-爱情,正剧,已完成,165473,121672880,2018-11-16 00:57:50
389,疯兔仔,攻略男主白月光[快穿],原创-百合-幻想未来-爱情,轻松,已完成,132971,87410824,2019-11-18 09:00:01
390,尽西洲,其实我二十,原创-百合-近代现代-爱情,轻松,已完成,338047,124559880,2018-01-29 10:33:00
391,小爷是枫子,大将军，你又赖皮gl,原创-百合-架空历史-爱情,轻松,已完成,463758,106775584,2017-03-20 20:00:00
392,L泗X汐Y,无限之我有红衣[gl],原创-百合-幻想未来-惊悚,轻松,已完成,493215,148923920,2019-09-16 12:30:00
393,雁*******梧,村*******娘,原创-百合-古色古香-爱情,轻松,已完成,676667,202023360,2014-06-01 21:59:25
394,一只花夹子,讨情债,原创-百合-近代现代-爱情,轻松,连载中,191250,313386592,2020-05-18 19:30:00
395,石头菌,我也不想做人渣啊！[快穿],原创-百合-架空历史-爱情,正剧,连载中,772575,168809808,2018-08-21 00:11:59
396,杨惑,情彀（GL）,原创-百合-架空历史-传奇,正剧,已完成,1100426,130499904,2007-02-15 09:46:43
397,丝慕,亲密关系（GL）,原创-百合-近代现代-爱情,正剧,已完成,426006,143773120,2012-07-29 20:06:36
398,李浮安,民国追妻日常gl,原创-百合-近代现代-爱情,轻松,连载中,569393,146627456,2019-03-02 22:42:00
399,城光以北,前任个个是女神［快穿］,原创-百合-近代现代-爱情,轻松,已完成,530014,118000360,2018-01-27 22:20:54
400,方便面君,穿越之清河地主gl,原创-百合-架空历史-爱情,正剧,已完成,485792,239672464,2018-03-20 18:03:20
401,或许有一天,呃，公主殿下,原创-百合-古色古香-爱情,轻松,已完成,413504,111232920,2014-03-29 20:55:44
402,李秋琅,女主成天跟我百年好合（快穿）,原创-百合-近代现代-爱情,轻松,已完成,427273,120981464,2018-11-29 13:43:31
403,墨宝非宝,南瓜马车灰姑娘,原创-百合-近代现代-爱情,轻松,已完成,64478,436036576,2018-04-01 00:58:35
404,听絮,邻居每天都蹭饭gl,原创-百合-近代现代-爱情,轻松,已完成,388950,118118608,2016-06-04 19:05:00
405,清汤涮香菜,撩动心弦,原创-百合-近代现代-爱情,轻松,连载中,120923,188632368,2020-02-10 10:00:00
406,三月春光不老,药罐子和她的医生小姐,原创-百合-近代现代-爱情,轻松,已完成,431227,123615392,2019-11-14 17:01:00
407,溯素素,穿成恶毒女配后我拐了女主,原创-百合-近代现代-爱情,轻松,已完成,691497,118910840,2019-04-01 19:00:00
408,宁远,江湖（GL明星文）,原创-百合-近代现代-爱情,轻松,已完成,353377,324791936,2010-01-01 12:21:46
409,桃花千千,穿书之白月光gl,原创-百合-近代现代-爱情,正剧,已完成,459984,119245040,2018-04-25 11:42:38
410,姜沉漾,宿主，请别对恶毒女配下手[快穿],原创-百合-近代现代-爱情,轻松,已完成,595959,219658416,2019-10-01 00:00:01
411,柒殇祭,明镜台[gl],原创-百合-近代现代-爱情,轻松,已完成,356750,199246400,2018-08-21 12:00:00
412,时微月上,砚品新茗,原创-百合-古色古香-爱情,正剧,已完成,484482,222141280,2019-07-09 08:00:00
413,疯兔仔,女主说我撩她（gl）,原创-百合-架空历史-仙侠,轻松,已完成,160012,99650960,2018-12-25 00:00:01
414,逆签,恋你上瘾[娱乐圈],原创-百合-近代现代-爱情,轻松,已完成,631348,212907600,2017-09-07 21:00:00
415,明也,女上女下（GL）,原创-百合-近代现代-爱情,轻松,已完成,322253,167639408,2012-05-16 13:54:23
416,吞风饮浪,再婚gl,原创-百合-近代现代-爱情,正剧,已完成,520418,121285416,2018-03-14 19:10:23
417,议棋,我，渣女，只撩不嫁[快穿],原创-百合-近代现代-爱情,轻松,连载中,1396197,253588880,2019-11-30 21:00:01
418,也算逍遥,女配她只想种地[穿书],原创-百合-架空历史-爱情,轻松,已完成,308266,105742480,2019-05-25 18:54:30
419,乙纯,帝国女配升职记gl,原创-百合-幻想未来-爱情,正剧,已完成,462470,148796688,2016-01-21 00:15:01
420,尽西洲,是你女儿先叫我爸爸的！,原创-百合-近代现代-爱情,轻松,已完成,224213,100150368,2017-02-05 16:00:00
421,余溪辞,初代女Alpha,原创-百合-幻想未来-爱情,正剧,连载中,567301,128937544,2018-07-01 01:00:00
422,凉皮就面包,男主他姐重生后[穿书],原创-百合-近代现代-爱情,轻松,已完成,318190,107256664,2019-09-09 21:00:00
423,黄连苦寒,西风盛开之塔,原创-百合-架空历史-传奇,正剧,已完成,915354,351913152,2016-11-01 17:30:00
424,仔仔怕冷,再靠近我一点点,原创-百合-近代现代-爱情,轻松,已完成,193778,87466440,2017-02-04 23:00:00
425,更漏寒,猪样年华（GL）,原创-百合-近代现代-爱情,轻松,已完成,548316,203010864,2016-01-15 21:02:09
426,崇绝,酥糖[娱乐圈],原创-百合-近代现代-爱情,正剧,连载中,435811,124485392,2019-08-16 16:25:00
427,琉璃仙草,不当反派？真香！gl[系统],原创-百合-古色古香-爱情,轻松,已完成,737288,118677976,2018-07-18 13:15:25
428,假鱼,家有年兽（星际）,原创-百合-幻想未来-爱情,正剧,已完成,468000,219055472,2019-02-14 00:30:00
429,宁远,食（GL美食文）,原创-百合-近代现代-爱情,轻松,已完成,350095,251452112,2014-09-02 11:15:02
430,水甚君,顶级渣女[快穿],原创-百合-近代现代-爱情,轻松,已完成,668888,128704456,2019-09-09 09:09:09
431,流音未了,重生之仙意无轨gl,原创-百合-架空历史-仙侠,正剧,连载中,533371,140496160,2017-05-05 00:15:00
432,年年散浮萍,长公主撩妻手册[重生],原创-百合-架空历史-爱情,轻松,已完成,343182,95875472,2019-06-05 23:59:15
433,醉风林,红玫瑰（GL）,原创-百合-近代现代-爱情,正剧,连载中,644393,266329280,2019-12-24 12:25:34
434,铜香墨臭,［重生］仙道祖师,原创-百合-架空历史-爱情,正剧,连载中,8289,35641024,2018-09-02 18:22:25
435,沈日十,信仰收割者[快穿GL],原创-百合-架空历史-爱情,正剧,已完成,494703,153070464,2019-01-07 23:00:00
436,那端米凉,闪婚（gl）,原创-百合-幻想未来-爱情,轻松,已完成,302186,138144208,2018-10-08 21:06:00
437,江南魂姑娘,修仙不如黑科技,原创-百合-架空历史-爱情,轻松,已完成,400000,225392352,2017-10-09 20:00:00
438,卞九欢,百合游戏终极玩家,原创-百合-近代现代-爱情,正剧,已完成,357879,133077288,2019-03-16 08:06:50
439,溯素素,最佳婚配,原创-百合-幻想未来-爱情,轻松,已完成,284608,95113480,2019-09-02 00:20:00
440,一只猫不语,cv女神在一起了？（gl）,原创-百合-近代现代-爱情,轻松,已完成,243069,131973664,2019-06-01 00:00:00
441,冬日解剖,如果世界没有白天,原创-百合-近代现代-爱情,正剧,已完成,618779,247023568,2019-02-26 16:14:00
442,冰河入画,朕的爪子一定要在上面 (gl快穿),原创-百合-幻想未来-爱情,轻松,已完成,1056661,168453296,2018-08-07 17:42:35
443,无人领取,爱殇(gl),原创-百合-近代现代-爱情,正剧,已完成,461325,149875824,2008-12-31 22:27:45
444,涂尔听,陛下略怂,原创-百合-架空历史-爱情,正剧,连载中,663165,127763128,2017-11-28 08:00:00
445,江南魂姑娘,公主的御用毒医,原创-百合-架空历史-爱情,轻松,已完成,435000,212787616,2017-07-15 22:22:22
446,阿娴大大,法老与她的宠后,原创-百合-架空历史-爱情,正剧,已完成,220501,94071160,2019-08-02 09:00:01
447,雪之羽时之风,把店开遍全宇宙,原创-百合-架空历史-传奇,轻松,已完成,471761,157679920,2017-03-13 22:00:00
448,瞳师,相亲结束后（娱乐圈）,原创-百合-近代现代-爱情,轻松,已完成,303463,194641936,2018-04-08 10:00:00
449,柳碎夜,偏爱,原创-百合-近代现代-爱情,轻松,已完成,587514,350458240,2019-11-04 11:00:00
450,山有荷叶,今天老婆掉马了吗,原创-百合-近代现代-爱情,轻松,已完成,342803,115092104,2019-03-12 12:00:01
451,笔锋纵横,契约驸马,原创-百合-架空历史-爱情,正剧,已完成,601445,95141704,2017-11-19 23:11:25
452,凉皮就面包,全娱乐圈跪求复婚,原创-百合-近代现代-爱情,轻松,已完成,337476,113599384,2019-03-11 12:30:30
453,俺打的去埃及,老师，放学别走,原创-百合-近代现代-爱情,正剧,已完成,300571,128228400,2015-06-06 15:15:33
454,丝慕,穿越之指染（GL）,原创-百合-架空历史-爱情,正剧,已完成,530083,187848880,2014-05-20 00:05:18
455,今轲,导演每天找我改剧本,原创-百合-近代现代-爱情,轻松,已完成,503999,195956112,2017-07-22 23:23:23
456,今轲,我的植物学家,原创-百合-近代现代-爱情,轻松,已完成,245838,174350368,2019-04-28 21:30:00
457,嗜眠,穿成女配闺蜜的小绿茶,原创-百合-近代现代-爱情,轻松,已完成,253289,102330760,2019-12-15 14:33:26
458,一天八杯水,念念我的不忘,原创-百合-近代现代-爱情,轻松,已完成,356657,114333408,2019-05-30 22:15:00
459,南云北去,穿成死敌的心尖小宝贝,原创-百合-近代现代-爱情,轻松,连载中,108028,124142392,2019-09-03 21:00:01
460,福宠宠,女主她偏爱我[穿书],原创-百合-近代现代-爱情,轻松,已完成,210021,105781056,2019-05-31 09:00:00
461,沐枫轻年,魔教妖女是她的白月光,原创-百合-架空历史-爱情,正剧,连载中,1201278,254402560,2020-01-01 09:00:01
462,青七七七,女主每天都在刷新姿势,原创-百合-架空历史-爱情,轻松,已完成,219315,97779480,2017-07-09 09:36:38
463,白浅予,你最温柔,原创-百合-近代现代-爱情,正剧,已完成,320747,107534304,2019-05-12 19:00:00
464,瓜子猫,你是不是想标记我GL,原创-百合-近代现代-爱情,轻松,已完成,313052,92011328,2019-10-30 21:00:01
465,狸墨,重生被死对头套路了gl,原创-百合-近代现代-爱情,轻松,已完成,464198,102467752,2017-04-20 20:05:00
466,冬日解剖,莫比乌斯情人,原创-百合-幻想未来-爱情,正剧,连载中,392632,334528736,2020-03-03 01:12:00
467,游鲲,突然和反派HE了（快穿）,原创-百合-架空历史-爱情,正剧,已完成,300777,169216400,2018-11-09 09:17:14
468,柿原纯,重生后我和前女友结婚了gl,原创-百合-近代现代-爱情,轻松,已完成,277904,190966656,2019-04-01 18:20:19
469,沐枫轻年,天道酬情有情篇,原创-百合-架空历史-爱情,正剧,已完成,524676,194167408,2018-05-21 09:00:00
470,cat喵,替身恋人［娱乐圈］,原创-百合-近代现代-爱情,正剧,连载中,255660,133481168,2019-04-17 17:27:27
471,今轲,重生后和前任白月光闪婚了,原创-百合-近代现代-爱情,轻松,已完成,197494,150962960,2020-02-03 18:00:00
472,兮木萧萧,别瞎想，听我解释gl,原创-百合-近代现代-爱情,轻松,已完成,215429,82899992,2019-04-04 20:30:00
473,炏燚,拜拜了您嘞[穿书],原创-百合-近代现代-爱情,轻松,已完成,352490,95756552,2018-09-13 00:53:58
474,调戏君临天下,女主你清醒一点GL,原创-百合-近代现代-爱情,轻松,已完成,379007,199195552,2018-03-25 16:34:30
475,山楂儿,作死攻略情敌以后我[快穿],原创-百合-近代现代-爱情,轻松,已完成,492363,125101432,2018-09-10 08:44:04
476,江一水,千里同风,原创-百合-架空历史-爱情,轻松,已完成,206354,186244576,2019-03-01 20:00:00
477,柒殇祭,重生后发现全世界都想害我[gl],原创-百合-近代现代-爱情,轻松,已完成,385339,158162688,2018-01-22 22:50:00
478,白日葵,把绿茶情敌娶回家,原创-百合-幻想未来-爱情,正剧,已完成,359236,110906144,2019-11-06 21:15:12
479,炒饭江南,未婚妻不对劲[穿书],原创-百合-近代现代-爱情,轻松,已完成,503520,123590768,2019-01-22 21:00:00
480,莫笑吾,博青莲gl,原创-百合-古色古香-武侠,正剧,连载中,831502,188528768,2011-06-06 17:12:40
481,热到昏厥,不努力就要回去继承天庭,原创-百合-近代现代-爱情,轻松,已完成,384945,218835024,2020-03-03 21:00:01
482,凭依慰我,水火交融（GL）,原创-百合-近代现代-爱情,正剧,已完成,412976,132744448,2012-02-28 10:41:48
483,小清新的喵,度化全世界！[穿书],原创-百合-架空历史-仙侠,轻松,已完成,267260,107345048,2018-03-01 21:30:00
484,或许有一天,重生一将难求,原创-百合-古色古香-爱情,轻松,已完成,775669,174239120,2016-10-25 16:22:00
485,夭与折,拳打娱乐圈[古穿今],原创-百合-近代现代-爱情,轻松,已完成,524846,257980416,2017-06-13 20:02:00
486,若花辞树,与君缘,原创-百合-古色古香-爱情,正剧,已完成,309188,151103136,2015-04-17 12:37:48
487,雁过吾痕,最强驭兽师（穿越）,原创-百合-架空历史-爱情,轻松,已完成,1349455,269097952,2018-10-29 23:00:18
488,白念君,民政局领到了媳妇,原创-百合-近代现代-爱情,正剧,已完成,201900,75234248,2018-09-30 16:35:47
489,舒语谣,女配不接受洗白[穿书],原创-百合-近代现代-爱情,轻松,已完成,280543,178992016,2018-04-12 18:10:31
490,那端米凉,再度沦陷（gl）,原创-百合-幻想未来-爱情,轻松,连载中,472852,175073984,2020-01-15 13:58:58
491,东方度,师父，我喜欢她（GL）,原创-百合-古色古香-爱情,轻松,已完成,673602,160464512,2017-04-02 10:00:00
492,喵十一酱,只有一点喜欢,原创-百合-近代现代-爱情,轻松,已完成,339272,203123008,2019-04-21 11:11:11
493,瞳师,制霸影坛[重生],原创-百合-近代现代-爱情,正剧,已完成,458056,217019504,2017-08-08 08:00:00
494,逾浮,校草是女生[穿书],原创-百合-近代现代-爱情,轻松,连载中,288262,166844320,2020-05-08 23:59:59
495,米酒圆子,一觉醒来被赐婚给死对头,原创-百合-架空历史-爱情,轻松,已完成,463704,107491896,2019-06-24 18:00:01
496,九皇叔,送上门的娃成了皇帝,原创-百合-架空历史-爱情,正剧,已完成,956879,255898800,2020-01-13 19:00:00
497,顾家七爷,重生之妖妃你中计了gl,原创-百合-架空历史-爱情,正剧,已完成,632490,106322256,2016-05-05 09:58:46
498,阿黑黑黑,拯救恶毒女配（gl）,原创-百合-架空历史-爱情,轻松,已完成,379796,326647456,2014-05-29 15:37:46
499,扛锄葬花,小野猫和豪门白月光女配〔穿书〕,原创-百合-近代现代-爱情,轻松,连载中,315657,104548432,2019-11-16 23:58:01
500,时微月上,把酒话桑麻,原创-百合-架空历史-爱情,正剧,已完成,553889,224477088,2020-02-11 12:00:00
501,扛锄葬花,当大魔头变成小可爱（重生）,原创-百合-架空历史-爱情,正剧,已完成,348188,87235112,2019-07-05 18:10:01
502,也行,危险关系gl,原创-百合-近代现代-爱情,正剧,已完成,284229,83909360,2017-07-03 14:00:00
503,兮木萧萧,别掰，我自己会弯gl,原创-百合-近代现代-爱情,轻松,已完成,371650,116972216,2018-10-09 22:30:00
504,蟾宫折桂乐悠悠,入错新房嫁对人,原创-百合-古色古香-爱情,正剧,已完成,499090,107801376,2013-07-01 17:40:50
505,米闹闹,任性（GL）,原创-百合-近代现代-爱情,正剧,已完成,206253,122220144,2017-08-01 12:00:00
506,秦寺,小桃花,原创-百合-近代现代-爱情,正剧,已完成,245547,137581136,2018-06-12 16:25:08
507,李秋琅,总裁她总是哭唧唧,原创-百合-近代现代-爱情,轻松,连载中,170273,128528352,2020-05-05 07:00:00
508,广陵散儿,相忆采芙蓉GL,原创-百合-架空历史-爱情,正剧,已完成,632862,178408800,2014-05-24 19:15:47
509,逆签,我的女友是狼,原创-百合-近代现代-爱情,轻松,已完成,501741,191416848,2016-11-03 21:00:00
510,纯色胖次,剧情似乎哪里不对[末世],原创-百合-近代现代-爱情,轻松,已完成,363444,81285096,2016-08-22 15:19:57
511,容十,千年醉（盗墓，GL）,原创-百合-近代现代-传奇,正剧,已完成,954328,122475392,2014-08-22 15:47:56
512,江一水,今天你告白了吗？,原创-百合-近代现代-爱情,轻松,已完成,260017,214992304,2019-08-05 21:13:14
513,热到昏厥,我和心上人成了情敌GL,原创-百合-架空历史-仙侠,轻松,已完成,328367,123252544,2019-06-12 00:05:24
514,泥慕玉,老师，她抢我奶茶！,原创-百合-近代现代-爱情,轻松,已完成,366225,84312920,2019-02-12 22:00:00
515,七千折戏,男主后院着火了[穿书],原创-百合-架空历史-爱情,轻松,连载中,129990,84652328,2020-05-04 22:26:10
516,左*******君,女*******l,原创-百合-架空历史-爱情,正剧,已完成,331706,155581648,2017-12-18 00:00:00
517,白日曦,霸道女总裁GL,原创-百合-近代现代-爱情,轻松,已完成,362154,111062912,2017-03-19 20:03:00
518,林错,逼良为妃,原创-百合-古色古香-爱情,正剧,已完成,305351,179513968,2013-07-01 02:19:45
519,涂图画画,理性霸总在线追妻,原创-百合-近代现代-爱情,轻松,已完成,310982,150496192,2019-02-17 09:00:00
520,叶涩,何触冯生,原创-百合-近代现代-爱情,轻松,已完成,165990,236981872,2019-08-06 10:00:00
521,清汤涮香菜,王妃有毒[重生],原创-百合-架空历史-爱情,正剧,已完成,236928,161269840,2016-11-14 22:25:00
522,晓梦致幻生,你与我相得益彰,原创-百合-近代现代-传奇,轻松,已完成,307788,125658656,2015-11-27 22:30:00
523,蛋挞鲨,高攀,原创-百合-近代现代-爱情,轻松,连载中,280633,188143456,2020-04-10 00:00:00
524,或许有一天,重生之桃夭,原创-百合-架空历史-爱情,轻松,已完成,536299,123122104,2018-09-22 19:10:00
525,柳碎夜,多谢款待，女王陛下,原创-百合-幻想未来-爱情,正剧,已完成,675785,399792160,2019-04-01 12:00:00
526,封刃作书,和情敌闪婚后,原创-百合-近代现代-爱情,轻松,已完成,221369,153548384,2018-04-16 19:00:00
527,太阳菌,天道师恩gl,原创-百合-架空历史-传奇,正剧,已完成,531909,123762704,2017-04-26 02:05:52
528,茶与非鱼,我们扯证了gl[娱乐圈],原创-百合-近代现代-爱情,正剧,已完成,454096,180502848,2017-06-16 00:05:11
529,矮跟鞋,独占她,原创-百合-近代现代-爱情,正剧,已完成,173269,88075368,2019-02-11 15:00:00
530,三月春光不老,大将军与娇养妻,原创-百合-架空历史-爱情,正剧,已完成,586015,113371928,2019-06-30 17:35:35
531,贞天,当反派穿成虐文女主[快穿],原创-百合-架空历史-爱情,轻松,已完成,617948,115390280,2017-02-08 20:18:20
532,夜尽初辰,本侯有疾,原创-百合-古色古香-爱情,轻松,已完成,619769,124999504,2019-11-24 18:07:39
533,七只瘦牛,如果我撬了我哥的女神,原创-百合-近代现代-爱情,轻松,连载中,185443,36114636,2015-05-30 22:00:00
534,铃九,我的同桌一点都不可爱,原创-百合-近代现代-爱情,正剧,已完成,926725,169451504,2017-06-05 16:30:00
535,城光以北,白莲花女主的自救［穿书］,原创-百合-近代现代-爱情,轻松,已完成,306794,90487840,2019-02-28 16:36:09
536,方便面君,第一奸臣[重生],原创-百合-架空历史-爱情,正剧,已完成,473079,170727872,2017-05-17 00:05:00
537,远游的鱼,我在仙宗当神兽[穿书],原创-百合-架空历史-仙侠,正剧,连载中,170621,80568200,2020-04-30 21:00:01
538,烟波钓月,好梦成双[穿书],原创-百合-近代现代-爱情,轻松,连载中,529778,142060624,2020-01-28 18:00:00
539,米酒圆子,穿成虐文女主怎么破[穿书],原创-百合-近代现代-爱情,轻松,已完成,250057,83959640,2019-03-04 20:53:03
540,更漏寒,跌进美女老板的爱情陷阱（GL）,原创-百合-近代现代-爱情,轻松,已完成,169730,81059992,2007-12-14 13:43:04
541,琉璃仙草,朕乃昏君［系统］,原创-百合-架空历史-爱情,轻松,已完成,853086,97727312,2019-07-02 08:19:01
542,东园,命中注定[末世],原创-百合-幻想未来-爱情,正剧,已完成,242200,98907344,2020-02-12 14:55:42
543,三月春光不老,她符合我所有幻想,原创-百合-近代现代-爱情,轻松,已完成,392409,110520536,2020-02-23 20:10:00
544,柒殇祭,太子妃靠猫上位,原创-百合-古色古香-爱情,轻松,已完成,253443,161341152,2019-06-05 12:05:00
545,徐歇,恶毒女配带球跑,原创-百合-幻想未来-爱情,轻松,已完成,346375,171555056,2019-05-18 15:00:00
546,涂图画画,总裁媳妇么么哒,原创-百合-近代现代-爱情,轻松,已完成,442580,156979632,2017-03-24 09:31:55
547,小爷是枫子,请君入瓮,原创-百合-架空历史-爱情,轻松,已完成,455183,110046728,2018-05-19 05:23:00
548,瓜子猫,给天后当绯闻女友GL[娱乐圈],原创-百合-近代现代-爱情,轻松,已完成,318919,84482472,2020-03-04 12:00:00
549,贞天,一定是我穿越的方式不对,原创-百合-架空历史-爱情,轻松,已完成,383210,92623856,2013-10-29 20:35:02
550,蟾宫折桂乐悠悠,穿越之货通天下,原创-百合-架空历史-爱情,正剧,已完成,700785,144390816,2013-07-01 21:42:15
551,芽丛,本召唤兽可是最强的！[穿书],原创-百合-架空历史-奇幻,正剧,已完成,495713,123778696,2018-10-11 20:00:00
552,凡尘慕风,所撩对象全都崩坏了怎么破？,原创-百合-近代现代-爱情,轻松,已完成,633706,128310376,2017-01-11 19:00:00
553,云离游,男主后宫都是我的[穿书],原创-百合-近代现代-爱情,轻松,连载中,383507,110013592,2020-03-23 18:00:01
554,伏中君,前妻，我们复婚吧！,原创-百合-近代现代-爱情,轻松,已完成,298620,77853952,2019-09-30 23:23:23
555,晓梦致幻生,有妖,原创-百合-近代现代-爱情,轻松,连载中,870595,190597968,2018-04-29 19:37:38
556,调戏君临天下,女配总是自作多情,原创-百合-近代现代-爱情,轻松,已完成,487295,183859648,2018-12-06 17:31:20
557,糯米饼,恶毒女配成女主白月光[快穿],原创-百合-近代现代-爱情,轻松,连载中,119045,84167248,2020-01-17 19:00:00
558,葬心未亡人,快穿之剧情弯了,原创-百合-幻想未来-爱情,暗黑,已完成,1352038,113409816,2018-03-19 19:19:19
559,小爷是枫子,女帝和长公主,原创-百合-架空历史-爱情,轻松,连载中,372363,104782584,2019-06-04 01:01:01
560,一只花夹子,分手处理事务所,原创-百合-近代现代-爱情,轻松,连载中,172140,250077376,2020-02-24 19:00:00
561,炒饭江南,请和透明的我谈恋爱[重生],原创-百合-近代现代-爱情,轻松,已完成,356666,101845336,2017-03-12 20:00:00
562,假大骗子,影后坏话说不得,原创-百合-近代现代-爱情,轻松,已完成,488000,135808384,2017-05-30 20:40:00
563,糜陛,末日重生后我穿进了逃生游戏,原创-百合-幻想未来-惊悚,正剧,已完成,261807,92694472,2019-10-25 12:00:11
564,方便面君,系统要我当地主gl,原创-百合-架空历史-爱情,轻松,已完成,441957,188131920,2019-08-24 06:00:00
565,满城时光,认错女主的代价[穿书],原创-百合-架空历史-爱情,轻松,已完成,309312,170303696,2015-01-31 00:00:00
566,L泗X汐Y,符行末世,原创-百合-幻想未来-奇幻,轻松,已完成,315677,106690816,2017-07-12 08:00:00
567,菜粥二十,吻了厌世女配后[穿书],原创-百合-近代现代-奇幻,轻松,已完成,350214,95274256,2020-02-06 11:27:57
568,东方句芒,大宋女汉子,原创-百合-古色古香-爱情,正剧,已完成,921956,203855040,2016-11-08 19:00:00
569,叶猗,女配悲痛欲绝,原创-百合-架空历史-爱情,正剧,已完成,425418,214718800,2016-08-04 09:58:33
570,安否安否,女神是孩子她爸！（GL）,原创-百合-近代现代-爱情,轻松,已完成,546526,86670176,2017-06-28 20:00:00
571,玄笺,生而为妖（GL）,原创-百合-架空历史-爱情,正剧,已完成,196746,203032784,2016-01-04 20:00:00
572,妍中意,拐走男主白月光［穿书］,原创-百合-近代现代-爱情,正剧,已完成,376981,93409328,2017-09-19 17:22:31
573,麻耶,月亮今天不营业,原创-百合-近代现代-爱情,轻松,已完成,336474,100498824,2019-11-24 20:41:04
574,晓梦致幻生,又得上头条[娱乐圈],原创-百合-近代现代-爱情,轻松,已完成,476606,156727200,2017-10-31 20:00:00
575,衣青箬,重生之天籁（GL）,原创-百合-近代现代-爱情,正剧,已完成,663431,277370112,2016-06-14 12:13:19
576,洛阳bibi,我超级有钱[娱乐圈],原创-百合-近代现代-爱情,轻松,已完成,511860,114023680,2019-08-10 12:33:33
577,渔小乖乖,最佳情侣（GL）,原创-百合-近代现代-爱情,轻松,已完成,200000,108886744,2016-01-21 12:00:00
578,不貔啊,一撩成瘾[娱乐圈],原创-百合-近代现代-爱情,轻松,已完成,428207,85855648,2019-12-09 09:00:00
579,廿廿呀,吻妻上瘾,原创-百合-近代现代-爱情,轻松,已完成,230110,74913272,2018-11-27 23:41:47
580,竹西淮,论宠妃的自我修养,原创-百合-架空历史-爱情,轻松,已完成,255662,105728048,2018-06-06 13:28:46
581,凉皮就面包,大小姐的替身总裁,原创-百合-近代现代-爱情,轻松,已完成,293093,92038216,2018-11-19 20:30:30
582,今轲,喵叽照相馆,原创-百合-近代现代-爱情,轻松,已完成,461028,189495264,2017-11-13 12:00:00
583,游鲲,真千金不干啦,原创-百合-近代现代-爱情,轻松,连载中,317673,183588976,2020-03-04 04:05:00
584,山楂儿,被迫嫁给仇敌以后[快穿],原创-百合-近代现代-爱情,轻松,已完成,460061,106370640,2019-03-10 20:40:57
585,明也,年年有余,原创-百合-近代现代-爱情,轻松,已完成,371932,161985264,2016-03-31 18:57:25
586,魅骨,女神撞上女神经（娱乐圈GL）,原创-百合-近代现代-爱情,轻松,已完成,589009,203238064,2015-11-02 18:34:30
587,鮮小果,[快穿]女主，请回头,原创-百合-架空历史-爱情,正剧,连载中,442159,122387400,2014-01-18 21:00:18
588,黄连苦寒,银锁金铃记gl,原创-百合-古色古香-爱情,正剧,已完成,1684376,211842432,2013-08-17 12:20:07
589,麝香猫果,朕的阿姐是皇后,原创-百合-架空历史-爱情,正剧,已完成,185450,117379208,2019-02-05 22:46:00
590,一万张,别吃女儿的醋！,原创-百合-近代现代-爱情,轻松,已完成,437846,111006680,2019-12-27 21:18:12
591,莫然漂,三百六十五种高难度活法,原创-百合-近代现代-爱情,正剧,已完成,706629,144311328,2019-08-30 09:00:01
592,冷淡性格,亲，这边不奔现,原创-百合-近代现代-爱情,轻松,已完成,374479,101703488,2019-04-18 15:00:00
593,茶与非鱼,在修罗场求生[快穿],原创-百合-近代现代-爱情,轻松,连载中,711465,270572576,2020-01-02 23:50:54
594,芽丛,我可是有后台的[快穿],原创-百合-幻想未来-爱情,轻松,已完成,711479,151439824,2018-05-02 20:00:00
595,李浮安,大唐钉子户gl,原创-百合-架空历史-爱情,轻松,已完成,263539,86142384,2018-09-05 20:30:00
596,糖弦,和女神离婚之后[重生],原创-百合-近代现代-爱情,轻松,已完成,239157,86944488,2017-10-31 19:00:00
597,谢一二三,全民氪金捧我c位出道,原创-百合-近代现代-爱情,轻松,连载中,367628,199576464,2020-04-20 00:00:22
598,白娘子,舌尖上的诱惑,原创-百合-近代现代-爱情,正剧,已完成,875553,149610752,2019-02-20 17:19:22
599,金色的saber,纸婚营业中[娱乐圈],原创-百合-近代现代-爱情,轻松,连载中,267638,88728416,2020-03-30 12:36:00
600,画文,和女主光环作对的下场,原创-百合-架空历史-仙侠,正剧,连载中,317321,87997608,2019-05-24 23:45:43
601,森雉,我和女神网恋了GL,原创-百合-近代现代-爱情,轻松,已完成,360032,140978832,2017-10-08 18:32:15
602,有情客,入魔,原创-百合-架空历史-爱情,轻松,连载中,602851,161518016,2020-02-17 20:22:00
603,栖北,春风不识你,原创-百合-近代现代-传奇,轻松,已完成,754655,120940384,2016-02-18 18:44:19
604,凤崎舞,师姐狡于狐(重生),原创-百合-架空历史-武侠,正剧,已完成,288897,232494912,2012-08-20 23:18:55
605,涩青梅,娇花成长指南[重生],原创-百合-架空历史-爱情,轻松,已完成,611714,138808256,2018-09-07 23:32:23
606,蓝鹤,恋人每天都在催更,原创-百合-近代现代-爱情,轻松,已完成,272144,160895328,2017-04-18 20:40:00
607,东方度,重生之夺爱（GL）,原创-百合-近代现代-爱情,轻松,已完成,261736,118083760,2016-03-21 23:00:00
608,海清河晏,[综]被选,原创-百合-架空历史-爱情,正剧,连载中,474292,92822832,2014-02-19 16:10:02
609,谷雨公子,让女配无路可走[快穿],原创-百合-近代现代-爱情,轻松,已完成,240444,139169872,2017-03-27 17:00:00
610,墨钧,庙堂既高gl,原创-百合-架空历史-爱情,正剧,已完成,877416,261503024,2018-01-04 20:00:00
611,因风絮,将军夜里又出门了,原创-百合-架空历史-爱情,轻松,已完成,281059,69859664,2018-12-17 21:00:00
612,佛笑我妖孽,鬼医十三GL,原创-百合-架空历史-爱情,正剧,已完成,390226,166705040,2009-04-30 18:38:04
613,拾吾两,愿祈久安,原创-百合-架空历史-爱情,轻松,连载中,904645,169711024,2019-08-16 06:50:20
614,南云北去,我真的不爱你了[娱乐圈],原创-百合-近代现代-爱情,正剧,已完成,367497,103107552,2016-07-02 03:49:00
615,逆签,被读者掰弯后,原创-百合-近代现代-爱情,轻松,已完成,571770,191264032,2018-05-30 21:00:00
616,空夜无愿,国家发的女朋友,原创-百合-近代现代-爱情,轻松,已完成,388003,90873896,2019-01-01 04:57:32
617,烟波钓月,引琅入室［娱乐圈］,原创-百合-近代现代-爱情,轻松,已完成,417082,92969248,2019-02-03 09:00:00
618,墨洗羽,龙与骑士姬gl,原创-百合-架空历史-爱情,正剧,连载中,1256345,273385888,2018-06-05 00:24:02
619,卷喵,和我搅过姬的女主必OOC,原创-百合-近代现代-爱情,轻松,已完成,301758,136340592,2018-03-20 13:44:00
620,酒小熹,烈火遇暖阳,原创-百合-近代现代-爱情,轻松,已完成,600114,160085664,2020-01-01 00:00:00
621,择城居士,快穿之神［GL］,原创-百合-近代现代-爱情,轻松,已完成,747542,115017672,2018-11-19 16:20:00
622,时光再笑,娶了隔壁姐姐后,原创-百合-架空历史-爱情,轻松,已完成,289043,75023880,2019-09-04 22:00:00
623,思镜渠,快穿之悲惨人生系统,原创-百合-近代现代-爱情,轻松,已完成,455580,102874664,2018-07-10 00:39:34
624,清远,别打扰我抽奖gl,原创-百合-架空历史-爱情,正剧,已完成,1062791,293670848,2019-08-26 12:00:00
625,菠萝捞饭,我的室友不对劲,原创-百合-近代现代-爱情,轻松,已完成,309359,100358480,2019-05-14 13:19:00
626,李秋琅,女主打钱逼我谈恋爱（快穿）,原创-百合-近代现代-爱情,轻松,已完成,391689,99352808,2019-08-31 20:41:16
627,无德无能,太监不与四时同,原创-百合-架空历史-爱情,轻松,已完成,312276,84576296,2019-09-23 15:50:08
628,东方句芒,大明女土豪,原创-百合-古色古香-爱情,轻松,已完成,683937,115719544,2017-05-01 19:00:00
629,顾家七爷,吃鸡吃到了女神,原创-百合-近代现代-爱情,轻松,已完成,369987,86460320,2017-11-29 12:03:00
630,纪柏铭,傲娇与怂包（GL）,原创-百合-近代现代-爱情,轻松,已完成,571330,124890672,2017-07-07 20:00:00
631,闲亭笔落,风华当歌,原创-百合-架空历史-奇幻,正剧,已完成,1341883,130519544,2018-09-16 08:25:32
632,炼妖狐,所有Alpha都想标记我[快穿],原创-百合-近代现代-爱情,正剧,已完成,745997,98356416,2019-11-07 18:00:01
633,夭与折,影后超护食[娱乐圈],原创-百合-近代现代-爱情,轻松,已完成,429573,181040400,2018-07-04 12:00:00
634,暮雨兮兮,坐等媳妇来攻略[快穿],原创-百合-近代现代-爱情,轻松,已完成,318114,105173296,2019-02-05 07:27:00
635,执念啊,少主今天打脸了吗,原创-百合-架空历史-爱情,轻松,连载中,227217,137896608,2020-01-15 11:00:00
636,九皇叔,陛下在上,原创-百合-架空历史-爱情,正剧,已完成,424207,103010296,2018-08-10 19:41:00
637,璟梧,只想撩师父,原创-百合-近代现代-爱情,轻松,已完成,284796,94927648,2019-03-04 20:00:00
638,盛郸,备用恋人[娱乐圈],原创-百合-近代现代-爱情,轻松,已完成,367610,191817936,2017-11-20 19:05:00
639,宁远,吸引力（GL）,原创-百合-近代现代-爱情,正剧,已完成,316195,180913744,2012-10-18 12:32:48
640,令予,一吻成诺[娱乐圈],原创-百合-近代现代-爱情,轻松,已完成,452964,79833272,2018-06-12 20:00:00
641,宁远,逃花劫,原创-百合-架空历史-仙侠,轻松,已完成,372081,215612064,2015-02-28 19:00:00
642,菜有染,白馒头和黑西装小姐（GL）,原创-百合-近代现代-爱情,轻松,已完成,359331,214745072,2015-06-05 13:52:00
643,彼岸萧声莫,夏娃的肋骨(GL),原创-百合-近代现代-爱情,正剧,已完成,1059585,653725184,2010-04-11 10:33:44
644,文雅埃及猫,余生常安,原创-百合-近代现代-爱情,正剧,已完成,411374,95585488,2019-12-07 11:15:07
645,楠安,平生一顾,原创-百合-近代现代-爱情,正剧,已完成,225520,190141488,2018-11-21 23:50:24
646,金色的saber,新时代帝姬，绝不离婚！,原创-百合-近代现代-爱情,轻松,已完成,304998,76829496,2018-12-19 10:42:42
647,黎明苏打子,穿成高冷上司的小可爱,原创-百合-近代现代-爱情,轻松,已完成,198589,70791824,2019-03-21 18:00:01
648,沈日十,甘为公主裙下臣,原创-百合-架空历史-爱情,正剧,连载中,315021,83690088,2020-02-19 23:45:00
649,鮮小果,全世界都在逼女主弯,原创-百合-近代现代-爱情,轻松,已完成,678983,150613824,2016-01-01 00:00:00
650,笑蓝,恶毒女配有变猫系统后[娱乐圈],原创-百合-近代现代-爱情,轻松,已完成,239079,170055264,2019-11-23 09:00:01
651,墨羽华,被迫洗心革面（快穿）,原创-百合-架空历史-爱情,正剧,连载中,473749,85880240,2019-12-16 12:00:00
652,虾菇,重生之刷脸时代gl,原创-百合-近代现代-爱情,轻松,已完成,359047,184534080,2015-04-30 21:10:00
653,五行缺钱,攻略女友都来找我了[快穿],原创-百合-近代现代-爱情,轻松,已完成,433767,154958288,2018-08-10 23:01:54
654,潇水玄舸,黑心女主爱上我[快穿],原创-百合-近代现代-爱情,轻松,已完成,351941,84497016,2019-03-18 19:19:19
655,平千岁,反派女配系统[修真],原创-百合-架空历史-仙侠,正剧,已完成,310705,83233448,2016-08-14 21:50:00
656,舒语谣,碰瓷碰到女朋友[娱乐圈],原创-百合-近代现代-爱情,轻松,已完成,424759,159855648,2019-04-09 03:00:01
657,小吾君,对全世界秀恩爱[快穿],原创-百合-近代现代-爱情,轻松,连载中,121567,217452992,2020-04-13 19:00:00
658,悠扬萱草,一枕清秋,原创-百合-古色古香-爱情,正剧,已完成,547655,95534312,2016-12-21 21:26:52
659,爪阿肥,寻梅帘招（gl）,原创-百合-近代现代-爱情,轻松,已完成,565809,145214416,2016-04-01 14:12:00
660,原和,司念，给亲吗？,原创-百合-近代现代-爱情,正剧,已完成,300393,95467520,2018-07-04 22:57:07
661,素西,最佳从属[娱乐圈GL],原创-百合-近代现代-爱情,轻松,已完成,275214,74832888,2016-09-19 00:05:00
662,枫满楼,夫人，为夫来也！,原创-百合-架空历史-爱情,轻松,已完成,453648,77065464,2019-02-19 18:00:01
663,一月青芜,半夏致立秋GL,原创-百合-近代现代-爱情,正剧,已完成,319927,219128448,2012-04-05 14:20:07
664,千左,攻了那个太子！（gl）,原创-百合-古色古香-爱情,轻松,已完成,518242,83292432,2017-07-02 20:00:00
665,早醒,快穿之学习使我快乐,原创-百合-架空历史-爱情,轻松,已完成,601666,105354848,2019-05-20 15:06:17
666,也算逍遥,穿成短命炮灰女,原创-百合-架空历史-爱情,轻松,已完成,230382,88182760,2020-02-15 19:00:43
667,玄笺,半生逍遥（GL）,原创-百合-古色古香-爱情,正剧,已完成,568741,204607616,2013-09-07 22:02:33
668,木子箐,重逢GL,原创-百合-近代现代-爱情,正剧,已完成,286524,80001384,2016-06-25 21:40:00
669,五行缺钱,重生后我和爱豆HE了[娱乐圈],原创-百合-近代现代-爱情,轻松,已完成,602758,182186448,2019-06-17 19:00:00
670,鱼霜,喜欢我很难吗,原创-百合-近代现代-爱情,正剧,已完成,216252,100971272,2018-04-01 19:00:00
671,瓜不咸,重生石器去种田,原创-百合-架空历史-爱情,轻松,已完成,332944,104150552,2017-10-16 22:00:57
672,江枫愁眠,狐媚惑主,原创-百合-架空历史-爱情,轻松,连载中,324442,154651504,2020-04-01 07:30:00
673,寿头,天方夜谭,原创-百合-近代现代-传奇,正剧,已完成,559264,303365568,2018-06-13 21:34:39
674,铭流,小城情缘之女夫君,原创-百合-架空历史-爱情,正剧,连载中,394377,85888016,2017-06-23 13:05:00
675,一只花夹子,偷偷恋慕,原创-百合-近代现代-爱情,轻松,已完成,279540,217903856,2018-06-10 20:21:21
676,鱼夜,女配的花式自黑[快穿],原创-百合-架空历史-爱情,轻松,已完成,945448,99182464,2019-04-04 22:38:14
677,夏至白夜,一觉醒来末世了怎么办（GL）,原创-百合-架空历史-爱情,轻松,已完成,632969,124984920,2016-09-09 09:09:09
678,沈日十,当花瓶撞上影后[GL],原创-百合-近代现代-爱情,正剧,已完成,368952,89925424,2017-06-04 01:28:26
679,流鸢长凝,眼儿媚,原创-百合-架空历史-爱情,正剧,已完成,334516,156334080,2018-07-30 10:00:00
680,东方度,夫人，你重新喜欢上我了吗（GL）,原创-百合-近代现代-爱情,轻松,连载中,576001,154195952,2019-04-29 10:00:00
681,绝歌,缘·劫（GL),原创-百合-近代现代-爱情,正剧,已完成,304902,332488800,2009-09-03 07:47:24
682,喵十一酱,上司不太冷,原创-百合-近代现代-爱情,轻松,已完成,347121,157770272,2018-03-11 22:31:55
683,六出轻吕,师姐，你的腿部挂件掉了[穿书],原创-百合-架空历史-爱情,轻松,已完成,504691,94193368,2018-07-18 23:40:00
684,星糖,背靠影后好成名（娱乐圈gl）,原创-百合-近代现代-爱情,正剧,已完成,225553,82058248,2016-05-25 11:00:00
685,何处繁华笙箫默,重生之影后又忘了谈恋爱,原创-百合-近代现代-爱情,轻松,连载中,524971,156541936,2018-01-31 15:30:00
686,柿原纯,初恋成了我上司怎么办gl,原创-百合-近代现代-爱情,正剧,已完成,188905,125098224,2017-05-26 09:09:09
687,或许有一天,驸马她重生了,原创-百合-架空历史-爱情,轻松,连载中,292881,91151152,2020-05-05 08:00:00
688,清楼,重生之国民女神［娱乐圈］,原创-百合-近代现代-爱情,正剧,已完成,480685,175807888,2015-09-20 10:00:00
689,叁仟ML,玻璃城堡之起[GL],原创-百合-近代现代-爱情,正剧,已完成,1128102,480069728,2009-03-10 22:36:53
690,呆不乖,嫁给前妻死对头,原创-百合-近代现代-爱情,轻松,已完成,215276,78393016,2019-11-25 19:55:00
691,一路芳菲,梦古穿今,原创-百合-古色古香-爱情,正剧,已完成,354234,78565512,2013-12-05 23:51:43
692,醉风林,君澜天下,原创-百合-架空历史-爱情,正剧,已完成,565230,192368224,2018-05-20 20:08:15
693,炒饭江南,转学生的正确喂养方法,原创-百合-近代现代-传奇,轻松,已完成,299520,96094912,2017-06-11 11:11:11
694,封刃作书,我当正道那些年[快穿],原创-百合-近代现代-爱情,轻松,已完成,374675,128418192,2018-08-06 19:00:00
695,郁郁葱葱,宠婚,原创-百合-架空历史-爱情,轻松,已完成,280191,72094216,2017-11-24 21:36:00
696,梦里呓语,师姐说她非我不娶,原创-百合-古色古香-武侠,正剧,已完成,432468,174238480,2019-01-02 09:00:00
697,山楂儿,她明艳动人,原创-百合-近代现代-爱情,轻松,已完成,401396,87434904,2018-06-06 22:56:00
698,白日葵,求求你离婚吧,原创-百合-近代现代-爱情,正剧,连载中,243915,89492160,2020-04-20 22:40:36
699,俺打的去埃及,晚上不加班,原创-百合-近代现代-爱情,正剧,已完成,195244,106396008,2017-02-06 20:00:00
700,万言不值一块钱,愉快的失忆gl,原创-百合-架空历史-武侠,轻松,已完成,613159,90079320,2019-01-01 16:27:40
701,虞二两,我拯救的女配都爱上我[快穿],原创-百合-近代现代-爱情,正剧,已完成,306960,77348936,2019-03-08 09:45:27
702,或许有一天,换身姻缘,原创-百合-古色古香-爱情,轻松,已完成,598337,116105472,2018-01-03 17:30:00
703,鱼霜,女神每天都在撩我,原创-百合-近代现代-传奇,轻松,已完成,419792,127695912,2017-07-16 19:00:00
704,寿头,两相欢（gl）,原创-百合-架空历史-爱情,正剧,已完成,405175,206806320,2017-05-24 13:34:24
705,米玛,这个总裁不会撩(GL),原创-百合-近代现代-爱情,正剧,已完成,252894,65263544,2017-05-10 13:18:25
706,乙纯,[快穿]女主她总在弯gl,原创-百合-架空历史-爱情,正剧,已完成,321366,104364760,2016-01-01 07:00:00
707,调戏君临天下,你个女配很不正经gl,原创-百合-近代现代-爱情,轻松,已完成,400041,161244544,2017-07-14 00:46:28
708,沧海惊鸿,三世·江山,原创-百合-古色古香-爱情,正剧,已完成,856823,117406440,2017-03-29 13:20:00
709,敛舟,莫道无心GL,原创-百合-架空历史-爱情,正剧,已完成,560633,121979008,2014-12-31 10:00:00
710,千代的爸爸,人臣(GL),原创-百合-架空历史-爱情,正剧,已完成,1141481,232323136,2009-10-08 11:10:06
711,叶千泠,徒弟总想以下犯上,原创-百合-架空历史-爱情,轻松,已完成,283440,73104304,2018-05-01 20:30:00
712,狸墨,撩弯公主日常[娱乐圈],原创-百合-近代现代-爱情,轻松,已完成,632635,88326240,2017-10-12 00:10:00
713,江羊大盗,无法标记（星际）,原创-百合-幻想未来-爱情,正剧,已完成,336380,68906496,2018-12-19 00:00:00
714,甘若醴,钟山有匪,原创-百合-架空历史-仙侠,正剧,已完成,900870,159302384,2017-12-19 21:00:00
715,原和,归途,原创-百合-近代现代-爱情,正剧,已完成,403842,88417872,2019-05-29 01:28:07
716,小小生,鸵鸟的小白脸路线GL,原创-百合-近代现代-爱情,轻松,已完成,245095,60333580,2007-08-06 15:42:29
717,鱼霜,狐妖娘娘,原创-百合-架空历史-奇幻,正剧,已完成,402302,118324752,2017-11-20 19:00:00
718,黄连苦寒,丞相不可能是好人,原创-百合-架空历史-爱情,正剧,连载中,363121,122300536,2017-10-17 20:06:05
719,听絮,你怎么撩不动gl,原创-百合-近代现代-爱情,轻松,已完成,350092,107056720,2018-07-03 19:00:00
720,李叙,王爷和臣妾生个小郡主吧,原创-百合-古色古香-爱情,正剧,连载中,299484,92924016,2020-03-12 21:00:00
721,俺打的去埃及,重回十七岁,原创-百合-近代现代-爱情,正剧,已完成,466122,115174864,2015-02-17 19:55:05
722,溯素素,影后手机里的小可爱,原创-百合-近代现代-爱情,轻松,连载中,515547,137766592,2020-01-29 22:41:35
723,枫满楼,陛下太霸道,原创-百合-架空历史-爱情,轻松,已完成,408928,69342744,2019-08-03 18:50:09
724,六出轻吕,徒弟，为师回来宠你了[重生],原创-百合-架空历史-爱情,轻松,已完成,628430,95562104,2019-09-02 09:00:01
725,明摇,被霸总摁头结婚,原创-百合-近代现代-爱情,轻松,已完成,335198,118718152,2019-10-31 00:34:39
726,闲词,穿成女配姐姐的小仙女,原创-百合-近代现代-爱情,轻松,已完成,249593,67296904,2019-10-02 13:25:55
727,荔枝沙冰,被勾搭的全过程（GL快穿）,原创-百合-架空历史-爱情,轻松,已完成,326629,76992792,2016-07-27 15:45:00
728,青藤玫瑰,女神她重生了（gl）,原创-百合-近代现代-爱情,轻松,已完成,134063,57013780,2016-10-03 20:50:00
729,宁远,史上第一受（GL）,原创-百合-幻想未来-爱情,轻松,已完成,276045,153772832,2012-05-03 23:06:55
730,师郎,女皇遗妃（重生）,原创-百合-架空历史-爱情,正剧,已完成,332186,92126544,2017-09-23 09:09:09
731,陌鱼砸喵,我要温柔[快穿],原创-百合-近代现代-爱情,正剧,已完成,237377,70458864,2019-05-12 17:00:00
732,茶与非鱼,她的鱼[娱乐圈]gl,原创-百合-近代现代-爱情,轻松,已完成,494879,236903616,2016-07-07 20:19:00
733,鸡毛令箭,穿成女主的对照组（穿书）,原创-百合-近代现代-爱情,正剧,已完成,363790,81281440,2019-03-15 20:05:50
734,九皇叔,长公主要和离[重生],原创-百合-架空历史-爱情,正剧,已完成,520079,102569496,2019-10-03 21:05:06
735,苍翼之狼,蚊香牌女主[快穿],原创-百合-近代现代-爱情,轻松,连载中,472016,94710696,2018-12-30 17:20:52
736,衣青箬,为你钟情（GL）,原创-百合-近代现代-爱情,正剧,已完成,327408,156574800,2017-02-14 01:34:34
737,太阳菌,铲屎官，你的忠犬掉了！,原创-百合-近代现代-爱情,正剧,已完成,405381,99152728,2017-07-01 17:42:49
738,黎黎黎黎少,我哥的后宫说弯就弯,原创-百合-近代现代-爱情,正剧,连载中,662943,82940104,2018-08-20 01:22:00
739,墨羽华,当她联姻之后,原创-百合-近代现代-爱情,正剧,已完成,159698,54733260,2019-05-20 10:00:00
740,或许有一天,和离行不行,原创-百合-古色古香-爱情,轻松,已完成,407845,87654944,2020-01-01 22:30:00
741,焦糖白茶,夏日焰火,原创-百合-近代现代-爱情,轻松,已完成,287577,159398880,2019-09-17 08:00:00
742,东园,此生可寄,原创-百合-近代现代-爱情,正剧,已完成,215645,66542496,2019-12-25 21:00:00
743,山楂儿,女主高贵冷艳,原创-百合-近代现代-爱情,轻松,已完成,171740,87383856,2018-01-29 14:21:29
744,夭与折,逆光[重生],原创-百合-近代现代-爱情,轻松,连载中,456120,262510352,2020-03-09 20:00:00
745,白日曦,假小子与校花GL,原创-百合-近代现代-爱情,轻松,已完成,328364,83861880,2018-10-28 11:25:38
746,倾风抚竹,帝师（GL）,原创-百合-古色古香-爱情,轻松,已完成,402824,147112144,2016-05-20 13:14:00
747,三千痴念,影后是我迷妹[娱乐圈],原创-百合-近代现代-爱情,轻松,已完成,348448,76099240,2017-06-01 06:01:00
748,半碗多糖,在末世养丧尸王,原创-百合-幻想未来-爱情,轻松,已完成,207815,60323960,2019-08-25 18:00:01
749,翩翩落烨,女配是我心尖宠［快穿］,原创-百合-幻想未来-爱情,轻松,连载中,197478,54702776,2020-03-23 01:16:37
750,初鹤先生,柜门被撬怎么办,原创-百合-近代现代-爱情,轻松,已完成,300092,64373776,2020-02-10 02:33:59
751,阳明十三,我穿成了女性恋爱向游戏中的路人甲,原创-百合-幻想未来-爱情,轻松,已完成,276613,124029976,2020-01-23 02:11:46
752,南宫凡水,死对头怀了我的孩子后GL,原创-百合-近代现代-爱情,正剧,已完成,296043,128502928,2020-01-28 18:00:02
753,因风絮,公主快到我怀里来,原创-百合-架空历史-爱情,轻松,已完成,373759,62556124,2018-01-30 07:30:00
754,Kivey徒生,君临天下,原创-百合-架空历史-传奇,正剧,已完成,471363,139329120,2015-11-19 18:46:30
755,机甲妹纸,小姐你家攻掉了gl,原创-百合-近代现代-爱情,轻松,已完成,714250,148891808,2016-07-26 10:10:10
756,小白NO1,就是爱上你（GL）,原创-百合-近代现代-爱情,正剧,已完成,321662,70096536,2016-01-23 10:41:38
757,山楂儿,反派真绝色[穿书],原创-百合-近代现代-爱情,轻松,已完成,380048,91666280,2017-06-05 00:00:00
758,苏楼洛,岁月绵长,原创-百合-近代现代-爱情,正剧,已完成,343623,195357552,2019-12-02 20:35:00
759,花心菜,初代教皇gl,原创-百合-架空历史-爱情,轻松,连载中,444822,129406944,2019-12-07 09:01:00
760,溯素素,我总忘记自己有老婆,原创-百合-近代现代-爱情,轻松,已完成,484074,79688448,2019-11-28 21:00:00
761,关西煮,女配有病（快穿）,原创-百合-近代现代-爱情,轻松,已完成,518077,78586984,2018-12-26 18:00:00
762,黎明与破晓,专挖男主墙角[快穿],原创-百合-近代现代-爱情,正剧,已完成,193791,125604656,2016-03-01 16:52:00
763,彼岸萧声莫,熟女时代（GL）,原创-百合-近代现代-爱情,轻松,已完成,337151,259126752,2011-05-01 12:22:56
764,有情客,逆徒修仙指南[穿书],原创-百合-架空历史-爱情,轻松,已完成,347400,79008808,2019-06-14 00:00:53
765,或许有一天,爱卿，可嫁否,原创-百合-古色古香-爱情,轻松,已完成,408681,91325464,2018-05-23 00:00:00
766,择城居士,国民男神在线宠妻［快穿］,原创-百合-幻想未来-爱情,轻松,已完成,511111,78543528,2019-04-08 00:00:01
767,白露为燕,囚鸟[GL悬疑推理],原创-百合-近代现代-爱情,正剧,已完成,577947,82503264,2015-09-12 20:09:04
768,予渔,偶像说我渣了她（gl）,原创-百合-近代现代-爱情,轻松,已完成,198680,89906728,2020-01-08 18:00:01
769,嫩菜头,佛系炼丹师养徒指南（GL）,原创-百合-架空历史-爱情,轻松,已完成,417629,55250068,2018-06-14 16:27:00
770,干余,狼藉,原创-百合-古色古香-爱情,正剧,已完成,364497,76623584,2019-05-17 08:57:00
771,夭与折,如何演好未婚妻,原创-百合-近代现代-爱情,轻松,已完成,451261,190632480,2018-11-14 12:00:00
772,寒雨子歇,穿书之女主会咬人,原创-百合-架空历史-仙侠,正剧,已完成,582157,77632392,2018-03-30 22:06:30
773,墨罗折卿,我每月十五会吃老婆饼,原创-百合-架空历史-爱情,轻松,已完成,327809,77392344,2019-07-07 21:33:17
774,恶犬当当,孤王不准,原创-百合-架空历史-爱情,正剧,已完成,419352,74016760,2018-07-11 12:18:05
775,见鲸落,请你对我笑[娱乐圈],原创-百合-近代现代-爱情,轻松,已完成,375871,79427320,2019-11-07 00:00:00
776,七哥有酒窝,她似救命药,原创-百合-近代现代-爱情,正剧,已完成,586590,90462560,2018-06-07 21:16:00
777,媗厘,江医生很温柔（gl）,原创-百合-近代现代-爱情,正剧,已完成,214359,63663284,2019-03-28 18:43:58
778,南门冬瓜,隔墙密友的香水味gl,原创-百合-近代现代-传奇,正剧,已完成,828029,201360064,2018-04-12 09:08:16
779,苏楼洛,泼墨染清愔(GL),原创-百合-近代现代-爱情,正剧,已完成,388790,173282544,2016-07-05 21:04:10
780,JQ万年坑,上将她拒绝媳妇带球跑（gl）,原创-百合-幻想未来-爱情,轻松,连载中,413314,77160568,2019-03-11 21:00:00
781,城光以北,渣攻含泪做受以后,原创-百合-近代现代-爱情,轻松,已完成,276546,66801740,2018-05-16 00:05:00
782,暮雨兮兮,恐同女重生掰弯影后,原创-百合-近代现代-爱情,正剧,已完成,488545,121867216,2017-09-15 11:38:18
783,久久呀,影后的心尖宠,原创-百合-近代现代-爱情,轻松,已完成,293104,64283404,2019-11-10 12:00:01
784,豆浆蘸油条,和霸总离婚后,原创-百合-近代现代-爱情,轻松,已完成,300549,71546808,2019-09-02 23:00:00
785,绝*,盗*******),原创-百合-近代现代-传奇,正剧,已完成,401005,272364832,2011-02-15 18:27:12
786,柠华,女配她总是在吃醋［快穿］,原创-百合-近代现代-爱情,轻松,已完成,200001,97856448,2019-03-28 18:30:00
787,良生易,阳火灯,原创-百合-近代现代-传奇,正剧,已完成,643335,93509072,2019-01-01 20:00:00
788,叶涩,头号夫人（GL）,原创-百合-近代现代-爱情,轻松,已完成,201597,176748784,2015-02-23 14:16:34
789,衣青箬,快穿之炮灰觉醒（GL）,原创-百合-幻想未来-爱情,正剧,已完成,455555,153607888,2018-06-04 01:50:50
790,木子箐,总有人想掰弯我（快穿）,原创-百合-近代现代-爱情,轻松,已完成,470489,85321608,2016-11-24 22:00:00
791,言昼,穿成女主白月光（快穿）,原创-百合-近代现代-爱情,轻松,已完成,186386,63253700,2019-02-23 08:30:10
792,筱叶君,反派给我疯狂打钱[快穿],原创-百合-近代现代-爱情,轻松,连载中,181291,62444896,2018-10-01 05:20:13
793,无心谈笑,致命风流[重生],原创-百合-架空历史-爱情,正剧,已完成,322103,168091104,2017-10-22 20:47:49
794,本将军,带着孩子谈恋爱,原创-百合-近代现代-爱情,正剧,已完成,738042,90758344,2016-12-15 11:21:25
795,聂枫,青丝绾，红颜殇GL,原创-百合-古色古香-爱情,正剧,已完成,381546,73670464,2017-05-20 00:10:00
796,思镜渠,成为霸总的落跑小娇妻,原创-百合-近代现代-爱情,轻松,已完成,201772,75221264,2019-01-07 16:30:00
797,美羊羊公主殿下,恶毒女配对我一见钟情,原创-百合-近代现代-爱情,轻松,连载中,174887,75460712,2019-12-30 20:58:44
798,叶以秋,钢铁是怎样恋爱的[娱乐圈],原创-百合-近代现代-爱情,正剧,已完成,597066,116234120,2020-01-29 00:00:01
799,衣青箬,跟抱错的对象HE了（GL）,原创-百合-近代现代-爱情,正剧,已完成,280000,123130328,2019-06-10 12:00:00
800,清汤涮香菜,原来是只狐狸精（GL）,原创-百合-近代现代-爱情,正剧,已完成,221908,130510232,2015-11-14 21:12:14
801,桑*,阴*******结,原创-百合-古色古香-传奇,正剧,已完成,483038,45900336,2014-01-01 12:05:16
802,东冥君,脱单进行时gl[快穿],原创-百合-幻想未来-爱情,轻松,连载中,433344,75233728,2018-08-01 08:00:00
803,绝歌,异世情缘（GL）,原创-百合-古色古香-奇幻,轻松,已完成,530646,291613600,2008-02-19 11:56:58
804,明也,夺宫,原创-百合-古色古香-爱情,正剧,已完成,229928,118579552,2012-11-27 23:38:17
805,易白首,故事里的事（GL）,原创-百合-近代现代-爱情,正剧,已完成,113580,47614156,2007-08-17 12:28:37
806,月轮虚无,骑着毛驴回六零年代,原创-百合-近代现代-爱情,正剧,已完成,789161,113286424,2017-11-04 09:55:31
807,原和,上瘾,原创-百合-近代现代-爱情,正剧,已完成,403359,98861032,2016-05-19 17:21:23
808,妖珑,音乐课又双叒叕被霸占了,原创-百合-近代现代-爱情,轻松,已完成,300597,88646160,2018-03-19 08:56:08
809,万言不值一块钱,放开女主让我来gl,原创-百合-近代现代-仙侠,轻松,连载中,799615,116170248,2019-12-01 17:17:17
810,五行缺钱,快穿女配再就业,原创-百合-近代现代-爱情,正剧,已完成,432612,127025624,2019-01-23 19:00:00
811,三娘万福,后妃两相厌,原创-百合-古色古香-爱情,轻松,已完成,214249,64637280,2016-07-25 14:00:00
812,烟波钓月,影后吸猫日常,原创-百合-近代现代-爱情,轻松,已完成,249799,73854184,2018-03-31 22:51:30
813,崔九堂前,但为君故,原创-百合-近代现代-爱情,正剧,连载中,626479,120890440,2019-01-06 12:20:00
814,洛咿,顾而如顾[娱乐圈],原创-百合-近代现代-爱情,正剧,连载中,492301,103116968,2016-03-27 18:46:23
815,小胖子拍肚子,魔教教主追妻路[古穿今],原创-百合-近代现代-爱情,轻松,已完成,373580,74144496,2018-12-11 01:55:50
816,JQ万年坑,穿成帝姬未婚有女gl（星际）,原创-百合-幻想未来-爱情,正剧,已完成,378458,67030508,2019-09-23 21:00:01
817,福宠宠,偏执狂攻略手册［快穿］,原创-百合-架空历史-爱情,轻松,已完成,318382,89980096,2019-12-25 00:08:08
818,凡尘慕风,被撩日常［快穿］,原创-百合-近代现代-爱情,轻松,已完成,493963,87693552,2018-02-11 20:00:00
819,三尾蜉,攻略男主的病美人妹妹,原创-百合-近代现代-爱情,轻松,已完成,298820,71031880,2020-04-03 17:55:21
820,木子箐,女主，求放过GL,原创-百合-近代现代-爱情,正剧,已完成,392780,84877848,2016-08-24 08:20:00
821,阿娴大大,女主别过来(快穿),原创-百合-架空历史-爱情,正剧,已完成,270819,69172384,2019-03-11 13:34:33
822,菜有染,双氧水（GL） ,原创-百合-近代现代-爱情,轻松,已完成,387809,137813568,2012-06-05 14:34:16
823,七月岸,一个小画师,原创-百合-架空历史-爱情,正剧,已完成,189286,64479652,2017-10-09 19:22:10
824,楚柒墨,来自神明的宠爱,原创-百合-架空历史-爱情,轻松,连载中,85641,103824584,2019-12-25 01:10:09
825,摇叁,繁星入你怀中[重生],原创-百合-近代现代-爱情,轻松,已完成,275660,81216456,2019-09-01 19:00:00
826,琉璃仙草,毒蝎美妻！gl[系统],原创-百合-古色古香-爱情,轻松,已完成,520089,80548240,2019-01-01 08:50:02
827,无敌波霸奶茶,临时关系[娱乐圈],原创-百合-近代现代-爱情,轻松,已完成,441529,83318664,2018-05-06 08:00:00
828,洛阳bibi,她想姬我,原创-百合-近代现代-爱情,轻松,已完成,264915,80129904,2019-05-07 12:33:33
829,周木声,穿越后我被迫出道了,原创-百合-近代现代-爱情,轻松,连载中,306835,112074312,2020-03-09 00:42:09
830,游鲲,回到反派少年时[重生],原创-百合-架空历史-爱情,正剧,连载中,181932,108617792,2019-09-12 15:00:01
831,带我去荷兰,谈情说案（GL）,原创-百合-近代现代-爱情,正剧,已完成,346975,73913776,2018-10-27 21:00:00
832,夭与折,被退婚对象宠上天,原创-百合-近代现代-爱情,轻松,连载中,298748,137815312,2019-09-03 23:03:00
833,溯素素,超大牌助理[GL],原创-百合-近代现代-爱情,正剧,已完成,436768,69714112,2018-08-06 09:00:00
834,明也,女人不坏（GL）,原创-百合-近代现代-爱情,轻松,已完成,380113,165300096,2010-04-11 12:55:44
835,墨罗折卿,对症下药[娱乐圈],原创-百合-近代现代-爱情,轻松,已完成,404435,80698224,2019-12-01 17:09:21
836,夭与折,小哑巴[娱乐圈],原创-百合-近代现代-爱情,轻松,已完成,215058,123008424,2018-01-10 12:00:00
837,绝歌,萌宠(gl),原创-百合-近代现代-爱情,爆笑,已完成,333214,268277280,2011-05-04 02:45:23
838,缦倚之,我真不会算命,原创-百合-近代现代-爱情,轻松,已完成,282205,62298348,2018-08-31 01:56:04
839,逾浮,我的Omega 情敌[星际],原创-百合-幻想未来-爱情,轻松,已完成,482814,138274496,2019-12-21 18:00:00
840,六遇,[重生]两都纪事,原创-百合-古色古香-爱情,正剧,已完成,298202,81604272,2016-07-19 19:00:00
841,雁过吾痕,生错孩子后,原创-百合-近代现代-爱情,正剧,已完成,223750,93981080,2018-05-07 20:00:08
842,方便面君,系统给我发对象[末世],原创-百合-幻想未来-爱情,轻松,已完成,688863,163536288,2018-01-02 19:48:34
843,轻欢轻爱,殿下，你偷了我的心,原创-百合-架空历史-爱情,轻松,已完成,378161,63482532,2019-05-12 18:00:00
844,十点花开,天骄（GL）,原创-百合-古色古香-爱情,正剧,已完成,449105,179261120,2015-08-29 10:00:00
845,易临安,致我亲爱的学姐(gl),原创-百合-近代现代-爱情,正剧,已完成,399265,131271600,2016-03-10 13:40:49
846,锦衣卫,刺锦GL,原创-百合-架空历史-爱情,未知,已完成,458214,104357040,2011-02-09 21:01:05
847,洛阳bibi,郡主她在上（gl）,原创-百合-架空历史-爱情,正剧,已完成,380083,94311672,2018-07-08 18:00:00
848,知涩,宿敌互撩日常[gl],原创-百合-近代现代-爱情,正剧,已完成,177250,65531408,2017-12-22 18:11:00
849,今轲,丧尸女王小甜甜,原创-百合-幻想未来-爱情,轻松,已完成,298640,115574632,2017-01-16 21:00:00
850,JQ万年坑,人渣少将从良之路gl（星际）,原创-百合-幻想未来-爱情,轻松,已完成,318320,67785976,2020-02-09 00:00:01
851,凤阿凤,快穿之剑修撩妹GL,原创-百合-架空历史-爱情,轻松,已完成,226238,155371344,2016-08-22 11:05:47
852,绛寒,岁月如歌,原创-百合-近代现代-爱情,正剧,已完成,214348,53455520,2018-05-28 21:49:24
853,三月春光不老,小侯爷与青梅妻,原创-百合-架空历史-爱情,轻松,连载中,380822,80388952,2019-09-04 00:05:00
854,绝*,不*******）,原创-百合-近代现代-爱情,轻松,已完成,338452,219944384,2012-11-22 15:22:56
855,城光以北,系统逼我靠脸做任务,原创-百合-近代现代-爱情,正剧,连载中,162704,82492400,2019-10-31 21:12:12
856,黎黎黎黎少,女主在上[快穿],原创-百合-近代现代-爱情,正剧,已完成,370707,72335368,2017-06-30 14:45:00
857,俺打的去埃及,逢生,原创-百合-近代现代-爱情,正剧,已完成,206247,108974072,2017-10-01 19:57:04
858,枫随絮飘,清平于世（GL）,原创-百合-架空历史-爱情,轻松,已完成,459084,125112720,2009-10-29 17:17:13
859,流鸢长凝,师说,原创-百合-架空历史-爱情,正剧,已完成,443459,158858192,2016-07-01 00:02:19
860,随云流水,重生之公主为妃,原创-百合-架空历史-爱情,正剧,已完成,506044,139251552,2015-07-01 09:06:00
861,封刃作书,仙门之耻,原创-百合-架空历史-仙侠,轻松,已完成,567890,125250912,2019-08-20 08:00:00
862,糖弦,总裁是我同桌GL[重生],原创-百合-近代现代-爱情,轻松,已完成,163827,64085508,2017-07-12 23:25:00
863,清汤涮香菜,拐弯GL,原创-百合-近代现代-爱情,正剧,已完成,234801,129899784,2016-02-04 19:19:19
864,栖梧之梦,那些年我当过的反派[快穿],原创-百合-近代现代-爱情,正剧,连载中,255435,63099976,2020-01-12 15:30:00
865,南宫凡水,继承魔教才能谈恋爱GL,原创-百合-架空历史-爱情,正剧,已完成,271268,113347592,2019-06-17 21:00:01
866,雁过吾痕,向导总想跑,原创-百合-幻想未来-爱情,轻松,已完成,766532,154686864,2018-01-09 23:15:18
867,城光以北,不准对别人哭！,原创-百合-近代现代-爱情,轻松,已完成,176382,65414820,2019-01-31 23:31:24
868,尽西洲,擒妈先擒娃,原创-百合-近代现代-爱情,轻松,连载中,270270,73510744,2020-04-15 06:00:00
869,榆钱一一,导演，我拒绝喜欢你[娱乐圈],原创-百合-近代现代-爱情,正剧,已完成,351129,73982952,2018-07-01 23:50:16
870,公子柔,养大龙傲天老婆后 [gl],原创-百合-架空历史-爱情,轻松,已完成,222826,61274892,2018-12-08 01:39:11
871,不谢梅,不知将军是女郎[重生],原创-百合-架空历史-爱情,轻松,已完成,200000,58271708,2017-07-11 09:12:00
872,小胖子拍肚子,反派又软又粘人[穿书],原创-百合-古色古香-爱情,轻松,连载中,612662,97083728,2020-02-17 21:00:01
873,一月青芜,不在江边在湖边GL,原创-百合-古色古香-爱情,轻松,连载中,352315,192519296,2012-12-30 23:51:24
874,八步莲心,[快穿]美人十二卷,原创-百合-古色古香-爱情,正剧,已完成,580627,67509560,2015-06-01 07:00:00
875,方便面君,穿越之走出世外gl,原创-百合-架空历史-传奇,正剧,已完成,589884,143793728,2017-04-11 00:23:17
876,绝歌,阴灵卷轴（gl）,原创-百合-近代现代-爱情,正剧,已完成,501938,292217344,2014-01-25 17:39:28
877,顾家七爷,声名狼藉的女友啊gl,原创-百合-近代现代-爱情,正剧,已完成,327844,67508288,2016-07-27 22:00:00
878,广陵散儿,爱笙日记GL,原创-百合-近代现代-爱情,正剧,已完成,472111,153154208,2012-02-09 01:16:42
879,悠扬萱草,冷暖相依（gl）,原创-百合-古色古香-爱情,正剧,已完成,453219,93621584,2018-04-17 22:50:06
880,青琦,隔云端（GL）,原创-百合-近代现代-爱情,正剧,连载中,793640,132018864,2015-04-25 00:11:40
881,绝歌,御妖gl,原创-百合-近代现代-爱情,轻松,已完成,449206,328920608,2010-05-06 00:41:12
882,衡攸玥,朽灵咒（GL）,原创-百合-近代现代-爱情,正剧,已完成,1001697,131534640,2015-01-09 10:10:10
883,安否安否,婚宠(GL),原创-百合-近代现代-爱情,轻松,已完成,300105,53613272,2018-05-13 15:32:00
884,楚流景,重生之驸马听令,原创-百合-架空历史-爱情,正剧,已完成,378049,128334440,2017-11-12 20:00:00
885,白浅予,何时再见梦中人,原创-百合-架空历史-传奇,正剧,已完成,365511,81093552,2017-04-10 16:39:01
886,金色的saber,娱乐第一宠,原创-百合-近代现代-爱情,轻松,已完成,348036,64666384,2019-08-06 07:57:57
887,江暮无尘,好久不见gl[娱乐圈],原创-百合-近代现代-爱情,正剧,已完成,258917,57586060,2018-03-14 14:27:30
888,墨羽华,嗨，女主看上你了（快穿）,原创-百合-架空历史-爱情,正剧,已完成,606220,69742952,2018-06-07 14:55:00
889,椿棉不觉晓,顾影后是个小傻瓜gl,原创-百合-近代现代-爱情,轻松,已完成,371359,63205464,2017-07-20 19:53:43
890,橙语墨,是！老婆大人,原创-百合-近代现代-爱情,轻松,已完成,305979,71837768,2011-06-06 12:47:03
891,潇水玄舸,重生后，我成了首富,原创-百合-近代现代-爱情,正剧,已完成,287133,62304380,2018-10-15 20:00:00
892,你家对面那餐厅的提拉米苏根本就不好吃,我的总监不可能这么可爱（GL）,原创-百合-近代现代-爱情,轻松,已完成,209014,75566744,2011-10-08 15:08:10
893,长鱼即墨,反派觉醒计划［快穿］,原创-百合-近代现代-爱情,轻松,连载中,498028,117380912,2019-09-04 21:00:00
894,一月青芜,禁止曝光,原创-百合-近代现代-爱情,轻松,已完成,416595,198596848,2013-05-05 21:20:59
895,风月泊,花期里盛开的爱情,原创-百合-近代现代-爱情,正剧,已完成,371866,89777040,2017-04-11 16:24:00
896,默*******灯,咬*******）,原创-百合-近代现代-爱情,轻松,已完成,241523,77068760,2010-02-17 13:39:58
897,一只花夹子,她不在云端,原创-百合-近代现代-爱情,轻松,已完成,290415,181561120,2017-11-02 20:23:23
898,衣青箬,盛世直播GL（穿越）,原创-百合-近代现代-爱情,轻松,已完成,350000,153933248,2018-02-27 12:35:35
899,师郎,穿书女配宠妻日常,原创-百合-近代现代-爱情,正剧,已完成,421524,96585768,2018-07-08 11:20:00
900,邻草,一只驸马入赘了,原创-百合-架空历史-爱情,轻松,已完成,323593,99676616,2019-08-10 21:11:01
